date_id,fdate,year,month,day,dow,dow_name,month_name,quarter,y-m,y-q
19000101,1900-01-01,1900,1,1,0,Monday,January,1,1900-1,1900-1
20220101,2022-01-01,2022,1,1,5,Saturday,January,1,2022-1,2022-1
20220102,2022-01-02,2022,1,2,6,Sunday,January,1,2022-1,2022-1
20220103,2022-01-03,2022,1,3,0,Monday,January,1,2022-1,2022-1
20220104,2022-01-04,2022,1,4,1,Tuesday,January,1,2022-1,2022-1
20220105,2022-01-05,2022,1,5,2,Wednesday,January,1,2022-1,2022-1
20220106,2022-01-06,2022,1,6,3,Thursday,January,1,2022-1,2022-1
20220107,2022-01-07,2022,1,7,4,Friday,January,1,2022-1,2022-1
20220108,2022-01-08,2022,1,8,5,Saturday,January,1,2022-1,2022-1
20220109,2022-01-09,2022,1,9,6,Sunday,January,1,2022-1,2022-1
20220110,2022-01-10,2022,1,10,0,Monday,January,1,2022-1,2022-1
20220111,2022-01-11,2022,1,11,1,Tuesday,January,1,2022-1,2022-1
20220112,2022-01-12,2022,1,12,2,Wednesday,January,1,2022-1,2022-1
20220113,2022-01-13,2022,1,13,3,Thursday,January,1,2022-1,2022-1
20220114,2022-01-14,2022,1,14,4,Friday,January,1,2022-1,2022-1
20220115,2022-01-15,2022,1,15,5,Saturday,January,1,2022-1,2022-1
20220116,2022-01-16,2022,1,16,6,Sunday,January,1,2022-1,2022-1
20220117,2022-01-17,2022,1,17,0,Monday,January,1,2022-1,2022-1
20220118,2022-01-18,2022,1,18,1,Tuesday,January,1,2022-1,2022-1
20220119,2022-01-19,2022,1,19,2,Wednesday,January,1,2022-1,2022-1
20220120,2022-01-20,2022,1,20,3,Thursday,January,1,2022-1,2022-1
20220121,2022-01-21,2022,1,21,4,Friday,January,1,2022-1,2022-1
20220122,2022-01-22,2022,1,22,5,Saturday,January,1,2022-1,2022-1
20220123,2022-01-23,2022,1,23,6,Sunday,January,1,2022-1,2022-1
20220124,2022-01-24,2022,1,24,0,Monday,January,1,2022-1,2022-1
20220125,2022-01-25,2022,1,25,1,Tuesday,January,1,2022-1,2022-1
20220126,2022-01-26,2022,1,26,2,Wednesday,January,1,2022-1,2022-1
20220127,2022-01-27,2022,1,27,3,Thursday,January,1,2022-1,2022-1
20220128,2022-01-28,2022,1,28,4,Friday,January,1,2022-1,2022-1
20220129,2022-01-29,2022,1,29,5,Saturday,January,1,2022-1,2022-1
20220130,2022-01-30,2022,1,30,6,Sunday,January,1,2022-1,2022-1
20220131,2022-01-31,2022,1,31,0,Monday,January,1,2022-1,2022-1
20220201,2022-02-01,2022,2,1,1,Tuesday,February,1,2022-2,2022-1
20220202,2022-02-02,2022,2,2,2,Wednesday,February,1,2022-2,2022-1
20220203,2022-02-03,2022,2,3,3,Thursday,February,1,2022-2,2022-1
20220204,2022-02-04,2022,2,4,4,Friday,February,1,2022-2,2022-1
20220205,2022-02-05,2022,2,5,5,Saturday,February,1,2022-2,2022-1
20220206,2022-02-06,2022,2,6,6,Sunday,February,1,2022-2,2022-1
20220207,2022-02-07,2022,2,7,0,Monday,February,1,2022-2,2022-1
20220208,2022-02-08,2022,2,8,1,Tuesday,February,1,2022-2,2022-1
20220209,2022-02-09,2022,2,9,2,Wednesday,February,1,2022-2,2022-1
20220210,2022-02-10,2022,2,10,3,Thursday,February,1,2022-2,2022-1
20220211,2022-02-11,2022,2,11,4,Friday,February,1,2022-2,2022-1
20220212,2022-02-12,2022,2,12,5,Saturday,February,1,2022-2,2022-1
20220213,2022-02-13,2022,2,13,6,Sunday,February,1,2022-2,2022-1
20220214,2022-02-14,2022,2,14,0,Monday,February,1,2022-2,2022-1
20220215,2022-02-15,2022,2,15,1,Tuesday,February,1,2022-2,2022-1
20220216,2022-02-16,2022,2,16,2,Wednesday,February,1,2022-2,2022-1
20220217,2022-02-17,2022,2,17,3,Thursday,February,1,2022-2,2022-1
20220218,2022-02-18,2022,2,18,4,Friday,February,1,2022-2,2022-1
20220219,2022-02-19,2022,2,19,5,Saturday,February,1,2022-2,2022-1
20220220,2022-02-20,2022,2,20,6,Sunday,February,1,2022-2,2022-1
20220221,2022-02-21,2022,2,21,0,Monday,February,1,2022-2,2022-1
20220222,2022-02-22,2022,2,22,1,Tuesday,February,1,2022-2,2022-1
20220223,2022-02-23,2022,2,23,2,Wednesday,February,1,2022-2,2022-1
20220224,2022-02-24,2022,2,24,3,Thursday,February,1,2022-2,2022-1
20220225,2022-02-25,2022,2,25,4,Friday,February,1,2022-2,2022-1
20220226,2022-02-26,2022,2,26,5,Saturday,February,1,2022-2,2022-1
20220227,2022-02-27,2022,2,27,6,Sunday,February,1,2022-2,2022-1
20220228,2022-02-28,2022,2,28,0,Monday,February,1,2022-2,2022-1
20220301,2022-03-01,2022,3,1,1,Tuesday,March,1,2022-3,2022-1
20220302,2022-03-02,2022,3,2,2,Wednesday,March,1,2022-3,2022-1
20220303,2022-03-03,2022,3,3,3,Thursday,March,1,2022-3,2022-1
20220304,2022-03-04,2022,3,4,4,Friday,March,1,2022-3,2022-1
20220305,2022-03-05,2022,3,5,5,Saturday,March,1,2022-3,2022-1
20220306,2022-03-06,2022,3,6,6,Sunday,March,1,2022-3,2022-1
20220307,2022-03-07,2022,3,7,0,Monday,March,1,2022-3,2022-1
20220308,2022-03-08,2022,3,8,1,Tuesday,March,1,2022-3,2022-1
20220309,2022-03-09,2022,3,9,2,Wednesday,March,1,2022-3,2022-1
20220310,2022-03-10,2022,3,10,3,Thursday,March,1,2022-3,2022-1
20220311,2022-03-11,2022,3,11,4,Friday,March,1,2022-3,2022-1
20220312,2022-03-12,2022,3,12,5,Saturday,March,1,2022-3,2022-1
20220313,2022-03-13,2022,3,13,6,Sunday,March,1,2022-3,2022-1
20220314,2022-03-14,2022,3,14,0,Monday,March,1,2022-3,2022-1
20220315,2022-03-15,2022,3,15,1,Tuesday,March,1,2022-3,2022-1
20220316,2022-03-16,2022,3,16,2,Wednesday,March,1,2022-3,2022-1
20220317,2022-03-17,2022,3,17,3,Thursday,March,1,2022-3,2022-1
20220318,2022-03-18,2022,3,18,4,Friday,March,1,2022-3,2022-1
20220319,2022-03-19,2022,3,19,5,Saturday,March,1,2022-3,2022-1
20220320,2022-03-20,2022,3,20,6,Sunday,March,1,2022-3,2022-1
20220321,2022-03-21,2022,3,21,0,Monday,March,1,2022-3,2022-1
20220322,2022-03-22,2022,3,22,1,Tuesday,March,1,2022-3,2022-1
20220323,2022-03-23,2022,3,23,2,Wednesday,March,1,2022-3,2022-1
20220324,2022-03-24,2022,3,24,3,Thursday,March,1,2022-3,2022-1
20220325,2022-03-25,2022,3,25,4,Friday,March,1,2022-3,2022-1
20220326,2022-03-26,2022,3,26,5,Saturday,March,1,2022-3,2022-1
20220327,2022-03-27,2022,3,27,6,Sunday,March,1,2022-3,2022-1
20220328,2022-03-28,2022,3,28,0,Monday,March,1,2022-3,2022-1
20220329,2022-03-29,2022,3,29,1,Tuesday,March,1,2022-3,2022-1
20220330,2022-03-30,2022,3,30,2,Wednesday,March,1,2022-3,2022-1
20220331,2022-03-31,2022,3,31,3,Thursday,March,1,2022-3,2022-1
20220401,2022-04-01,2022,4,1,4,Friday,April,2,2022-4,2022-2
20220402,2022-04-02,2022,4,2,5,Saturday,April,2,2022-4,2022-2
20220403,2022-04-03,2022,4,3,6,Sunday,April,2,2022-4,2022-2
20220404,2022-04-04,2022,4,4,0,Monday,April,2,2022-4,2022-2
20220405,2022-04-05,2022,4,5,1,Tuesday,April,2,2022-4,2022-2
20220406,2022-04-06,2022,4,6,2,Wednesday,April,2,2022-4,2022-2
20220407,2022-04-07,2022,4,7,3,Thursday,April,2,2022-4,2022-2
20220408,2022-04-08,2022,4,8,4,Friday,April,2,2022-4,2022-2
20220409,2022-04-09,2022,4,9,5,Saturday,April,2,2022-4,2022-2
20220410,2022-04-10,2022,4,10,6,Sunday,April,2,2022-4,2022-2
20220411,2022-04-11,2022,4,11,0,Monday,April,2,2022-4,2022-2
20220412,2022-04-12,2022,4,12,1,Tuesday,April,2,2022-4,2022-2
20220413,2022-04-13,2022,4,13,2,Wednesday,April,2,2022-4,2022-2
20220414,2022-04-14,2022,4,14,3,Thursday,April,2,2022-4,2022-2
20220415,2022-04-15,2022,4,15,4,Friday,April,2,2022-4,2022-2
20220416,2022-04-16,2022,4,16,5,Saturday,April,2,2022-4,2022-2
20220417,2022-04-17,2022,4,17,6,Sunday,April,2,2022-4,2022-2
20220418,2022-04-18,2022,4,18,0,Monday,April,2,2022-4,2022-2
20220419,2022-04-19,2022,4,19,1,Tuesday,April,2,2022-4,2022-2
20220420,2022-04-20,2022,4,20,2,Wednesday,April,2,2022-4,2022-2
20220421,2022-04-21,2022,4,21,3,Thursday,April,2,2022-4,2022-2
20220422,2022-04-22,2022,4,22,4,Friday,April,2,2022-4,2022-2
20220423,2022-04-23,2022,4,23,5,Saturday,April,2,2022-4,2022-2
20220424,2022-04-24,2022,4,24,6,Sunday,April,2,2022-4,2022-2
20220425,2022-04-25,2022,4,25,0,Monday,April,2,2022-4,2022-2
20220426,2022-04-26,2022,4,26,1,Tuesday,April,2,2022-4,2022-2
20220427,2022-04-27,2022,4,27,2,Wednesday,April,2,2022-4,2022-2
20220428,2022-04-28,2022,4,28,3,Thursday,April,2,2022-4,2022-2
20220429,2022-04-29,2022,4,29,4,Friday,April,2,2022-4,2022-2
20220430,2022-04-30,2022,4,30,5,Saturday,April,2,2022-4,2022-2
20220501,2022-05-01,2022,5,1,6,Sunday,May,2,2022-5,2022-2
20220502,2022-05-02,2022,5,2,0,Monday,May,2,2022-5,2022-2
20220503,2022-05-03,2022,5,3,1,Tuesday,May,2,2022-5,2022-2
20220504,2022-05-04,2022,5,4,2,Wednesday,May,2,2022-5,2022-2
20220505,2022-05-05,2022,5,5,3,Thursday,May,2,2022-5,2022-2
20220506,2022-05-06,2022,5,6,4,Friday,May,2,2022-5,2022-2
20220507,2022-05-07,2022,5,7,5,Saturday,May,2,2022-5,2022-2
20220508,2022-05-08,2022,5,8,6,Sunday,May,2,2022-5,2022-2
20220509,2022-05-09,2022,5,9,0,Monday,May,2,2022-5,2022-2
20220510,2022-05-10,2022,5,10,1,Tuesday,May,2,2022-5,2022-2
20220511,2022-05-11,2022,5,11,2,Wednesday,May,2,2022-5,2022-2
20220512,2022-05-12,2022,5,12,3,Thursday,May,2,2022-5,2022-2
20220513,2022-05-13,2022,5,13,4,Friday,May,2,2022-5,2022-2
20220514,2022-05-14,2022,5,14,5,Saturday,May,2,2022-5,2022-2
20220515,2022-05-15,2022,5,15,6,Sunday,May,2,2022-5,2022-2
20220516,2022-05-16,2022,5,16,0,Monday,May,2,2022-5,2022-2
20220517,2022-05-17,2022,5,17,1,Tuesday,May,2,2022-5,2022-2
20220518,2022-05-18,2022,5,18,2,Wednesday,May,2,2022-5,2022-2
20220519,2022-05-19,2022,5,19,3,Thursday,May,2,2022-5,2022-2
20220520,2022-05-20,2022,5,20,4,Friday,May,2,2022-5,2022-2
20220521,2022-05-21,2022,5,21,5,Saturday,May,2,2022-5,2022-2
20220522,2022-05-22,2022,5,22,6,Sunday,May,2,2022-5,2022-2
20220523,2022-05-23,2022,5,23,0,Monday,May,2,2022-5,2022-2
20220524,2022-05-24,2022,5,24,1,Tuesday,May,2,2022-5,2022-2
20220525,2022-05-25,2022,5,25,2,Wednesday,May,2,2022-5,2022-2
20220526,2022-05-26,2022,5,26,3,Thursday,May,2,2022-5,2022-2
20220527,2022-05-27,2022,5,27,4,Friday,May,2,2022-5,2022-2
20220528,2022-05-28,2022,5,28,5,Saturday,May,2,2022-5,2022-2
20220529,2022-05-29,2022,5,29,6,Sunday,May,2,2022-5,2022-2
20220530,2022-05-30,2022,5,30,0,Monday,May,2,2022-5,2022-2
20220531,2022-05-31,2022,5,31,1,Tuesday,May,2,2022-5,2022-2
20220601,2022-06-01,2022,6,1,2,Wednesday,June,2,2022-6,2022-2
20220602,2022-06-02,2022,6,2,3,Thursday,June,2,2022-6,2022-2
20220603,2022-06-03,2022,6,3,4,Friday,June,2,2022-6,2022-2
20220604,2022-06-04,2022,6,4,5,Saturday,June,2,2022-6,2022-2
20220605,2022-06-05,2022,6,5,6,Sunday,June,2,2022-6,2022-2
20220606,2022-06-06,2022,6,6,0,Monday,June,2,2022-6,2022-2
20220607,2022-06-07,2022,6,7,1,Tuesday,June,2,2022-6,2022-2
20220608,2022-06-08,2022,6,8,2,Wednesday,June,2,2022-6,2022-2
20220609,2022-06-09,2022,6,9,3,Thursday,June,2,2022-6,2022-2
20220610,2022-06-10,2022,6,10,4,Friday,June,2,2022-6,2022-2
20220611,2022-06-11,2022,6,11,5,Saturday,June,2,2022-6,2022-2
20220612,2022-06-12,2022,6,12,6,Sunday,June,2,2022-6,2022-2
20220613,2022-06-13,2022,6,13,0,Monday,June,2,2022-6,2022-2
20220614,2022-06-14,2022,6,14,1,Tuesday,June,2,2022-6,2022-2
20220615,2022-06-15,2022,6,15,2,Wednesday,June,2,2022-6,2022-2
20220616,2022-06-16,2022,6,16,3,Thursday,June,2,2022-6,2022-2
20220617,2022-06-17,2022,6,17,4,Friday,June,2,2022-6,2022-2
20220618,2022-06-18,2022,6,18,5,Saturday,June,2,2022-6,2022-2
20220619,2022-06-19,2022,6,19,6,Sunday,June,2,2022-6,2022-2
20220620,2022-06-20,2022,6,20,0,Monday,June,2,2022-6,2022-2
20220621,2022-06-21,2022,6,21,1,Tuesday,June,2,2022-6,2022-2
20220622,2022-06-22,2022,6,22,2,Wednesday,June,2,2022-6,2022-2
20220623,2022-06-23,2022,6,23,3,Thursday,June,2,2022-6,2022-2
20220624,2022-06-24,2022,6,24,4,Friday,June,2,2022-6,2022-2
20220625,2022-06-25,2022,6,25,5,Saturday,June,2,2022-6,2022-2
20220626,2022-06-26,2022,6,26,6,Sunday,June,2,2022-6,2022-2
20220627,2022-06-27,2022,6,27,0,Monday,June,2,2022-6,2022-2
20220628,2022-06-28,2022,6,28,1,Tuesday,June,2,2022-6,2022-2
20220629,2022-06-29,2022,6,29,2,Wednesday,June,2,2022-6,2022-2
20220630,2022-06-30,2022,6,30,3,Thursday,June,2,2022-6,2022-2
20220701,2022-07-01,2022,7,1,4,Friday,July,3,2022-7,2022-3
20220702,2022-07-02,2022,7,2,5,Saturday,July,3,2022-7,2022-3
20220703,2022-07-03,2022,7,3,6,Sunday,July,3,2022-7,2022-3
20220704,2022-07-04,2022,7,4,0,Monday,July,3,2022-7,2022-3
20220705,2022-07-05,2022,7,5,1,Tuesday,July,3,2022-7,2022-3
20220706,2022-07-06,2022,7,6,2,Wednesday,July,3,2022-7,2022-3
20220707,2022-07-07,2022,7,7,3,Thursday,July,3,2022-7,2022-3
20220708,2022-07-08,2022,7,8,4,Friday,July,3,2022-7,2022-3
20220709,2022-07-09,2022,7,9,5,Saturday,July,3,2022-7,2022-3
20220710,2022-07-10,2022,7,10,6,Sunday,July,3,2022-7,2022-3
20220711,2022-07-11,2022,7,11,0,Monday,July,3,2022-7,2022-3
20220712,2022-07-12,2022,7,12,1,Tuesday,July,3,2022-7,2022-3
20220713,2022-07-13,2022,7,13,2,Wednesday,July,3,2022-7,2022-3
20220714,2022-07-14,2022,7,14,3,Thursday,July,3,2022-7,2022-3
20220715,2022-07-15,2022,7,15,4,Friday,July,3,2022-7,2022-3
20220716,2022-07-16,2022,7,16,5,Saturday,July,3,2022-7,2022-3
20220717,2022-07-17,2022,7,17,6,Sunday,July,3,2022-7,2022-3
20220718,2022-07-18,2022,7,18,0,Monday,July,3,2022-7,2022-3
20220719,2022-07-19,2022,7,19,1,Tuesday,July,3,2022-7,2022-3
20220720,2022-07-20,2022,7,20,2,Wednesday,July,3,2022-7,2022-3
20220721,2022-07-21,2022,7,21,3,Thursday,July,3,2022-7,2022-3
20220722,2022-07-22,2022,7,22,4,Friday,July,3,2022-7,2022-3
20220723,2022-07-23,2022,7,23,5,Saturday,July,3,2022-7,2022-3
20220724,2022-07-24,2022,7,24,6,Sunday,July,3,2022-7,2022-3
20220725,2022-07-25,2022,7,25,0,Monday,July,3,2022-7,2022-3
20220726,2022-07-26,2022,7,26,1,Tuesday,July,3,2022-7,2022-3
20220727,2022-07-27,2022,7,27,2,Wednesday,July,3,2022-7,2022-3
20220728,2022-07-28,2022,7,28,3,Thursday,July,3,2022-7,2022-3
20220729,2022-07-29,2022,7,29,4,Friday,July,3,2022-7,2022-3
20220730,2022-07-30,2022,7,30,5,Saturday,July,3,2022-7,2022-3
20220731,2022-07-31,2022,7,31,6,Sunday,July,3,2022-7,2022-3
20220801,2022-08-01,2022,8,1,0,Monday,August,3,2022-8,2022-3
20220802,2022-08-02,2022,8,2,1,Tuesday,August,3,2022-8,2022-3
20220803,2022-08-03,2022,8,3,2,Wednesday,August,3,2022-8,2022-3
20220804,2022-08-04,2022,8,4,3,Thursday,August,3,2022-8,2022-3
20220805,2022-08-05,2022,8,5,4,Friday,August,3,2022-8,2022-3
20220806,2022-08-06,2022,8,6,5,Saturday,August,3,2022-8,2022-3
20220807,2022-08-07,2022,8,7,6,Sunday,August,3,2022-8,2022-3
20220808,2022-08-08,2022,8,8,0,Monday,August,3,2022-8,2022-3
20220809,2022-08-09,2022,8,9,1,Tuesday,August,3,2022-8,2022-3
20220810,2022-08-10,2022,8,10,2,Wednesday,August,3,2022-8,2022-3
20220811,2022-08-11,2022,8,11,3,Thursday,August,3,2022-8,2022-3
20220812,2022-08-12,2022,8,12,4,Friday,August,3,2022-8,2022-3
20220813,2022-08-13,2022,8,13,5,Saturday,August,3,2022-8,2022-3
20220814,2022-08-14,2022,8,14,6,Sunday,August,3,2022-8,2022-3
20220815,2022-08-15,2022,8,15,0,Monday,August,3,2022-8,2022-3
20220816,2022-08-16,2022,8,16,1,Tuesday,August,3,2022-8,2022-3
20220817,2022-08-17,2022,8,17,2,Wednesday,August,3,2022-8,2022-3
20220818,2022-08-18,2022,8,18,3,Thursday,August,3,2022-8,2022-3
20220819,2022-08-19,2022,8,19,4,Friday,August,3,2022-8,2022-3
20220820,2022-08-20,2022,8,20,5,Saturday,August,3,2022-8,2022-3
20220821,2022-08-21,2022,8,21,6,Sunday,August,3,2022-8,2022-3
20220822,2022-08-22,2022,8,22,0,Monday,August,3,2022-8,2022-3
20220823,2022-08-23,2022,8,23,1,Tuesday,August,3,2022-8,2022-3
20220824,2022-08-24,2022,8,24,2,Wednesday,August,3,2022-8,2022-3
20220825,2022-08-25,2022,8,25,3,Thursday,August,3,2022-8,2022-3
20220826,2022-08-26,2022,8,26,4,Friday,August,3,2022-8,2022-3
20220827,2022-08-27,2022,8,27,5,Saturday,August,3,2022-8,2022-3
20220828,2022-08-28,2022,8,28,6,Sunday,August,3,2022-8,2022-3
20220829,2022-08-29,2022,8,29,0,Monday,August,3,2022-8,2022-3
20220830,2022-08-30,2022,8,30,1,Tuesday,August,3,2022-8,2022-3
20220831,2022-08-31,2022,8,31,2,Wednesday,August,3,2022-8,2022-3
20220901,2022-09-01,2022,9,1,3,Thursday,September,3,2022-9,2022-3
20220902,2022-09-02,2022,9,2,4,Friday,September,3,2022-9,2022-3
20220903,2022-09-03,2022,9,3,5,Saturday,September,3,2022-9,2022-3
20220904,2022-09-04,2022,9,4,6,Sunday,September,3,2022-9,2022-3
20220905,2022-09-05,2022,9,5,0,Monday,September,3,2022-9,2022-3
20220906,2022-09-06,2022,9,6,1,Tuesday,September,3,2022-9,2022-3
20220907,2022-09-07,2022,9,7,2,Wednesday,September,3,2022-9,2022-3
20220908,2022-09-08,2022,9,8,3,Thursday,September,3,2022-9,2022-3
20220909,2022-09-09,2022,9,9,4,Friday,September,3,2022-9,2022-3
20220910,2022-09-10,2022,9,10,5,Saturday,September,3,2022-9,2022-3
20220911,2022-09-11,2022,9,11,6,Sunday,September,3,2022-9,2022-3
20220912,2022-09-12,2022,9,12,0,Monday,September,3,2022-9,2022-3
20220913,2022-09-13,2022,9,13,1,Tuesday,September,3,2022-9,2022-3
20220914,2022-09-14,2022,9,14,2,Wednesday,September,3,2022-9,2022-3
20220915,2022-09-15,2022,9,15,3,Thursday,September,3,2022-9,2022-3
20220916,2022-09-16,2022,9,16,4,Friday,September,3,2022-9,2022-3
20220917,2022-09-17,2022,9,17,5,Saturday,September,3,2022-9,2022-3
20220918,2022-09-18,2022,9,18,6,Sunday,September,3,2022-9,2022-3
20220919,2022-09-19,2022,9,19,0,Monday,September,3,2022-9,2022-3
20220920,2022-09-20,2022,9,20,1,Tuesday,September,3,2022-9,2022-3
20220921,2022-09-21,2022,9,21,2,Wednesday,September,3,2022-9,2022-3
20220922,2022-09-22,2022,9,22,3,Thursday,September,3,2022-9,2022-3
20220923,2022-09-23,2022,9,23,4,Friday,September,3,2022-9,2022-3
20220924,2022-09-24,2022,9,24,5,Saturday,September,3,2022-9,2022-3
20220925,2022-09-25,2022,9,25,6,Sunday,September,3,2022-9,2022-3
20220926,2022-09-26,2022,9,26,0,Monday,September,3,2022-9,2022-3
20220927,2022-09-27,2022,9,27,1,Tuesday,September,3,2022-9,2022-3
20220928,2022-09-28,2022,9,28,2,Wednesday,September,3,2022-9,2022-3
20220929,2022-09-29,2022,9,29,3,Thursday,September,3,2022-9,2022-3
20220930,2022-09-30,2022,9,30,4,Friday,September,3,2022-9,2022-3
20221001,2022-10-01,2022,10,1,5,Saturday,October,4,2022-10,2022-4
20221002,2022-10-02,2022,10,2,6,Sunday,October,4,2022-10,2022-4
20221003,2022-10-03,2022,10,3,0,Monday,October,4,2022-10,2022-4
20221004,2022-10-04,2022,10,4,1,Tuesday,October,4,2022-10,2022-4
20221005,2022-10-05,2022,10,5,2,Wednesday,October,4,2022-10,2022-4
20221006,2022-10-06,2022,10,6,3,Thursday,October,4,2022-10,2022-4
20221007,2022-10-07,2022,10,7,4,Friday,October,4,2022-10,2022-4
20221008,2022-10-08,2022,10,8,5,Saturday,October,4,2022-10,2022-4
20221009,2022-10-09,2022,10,9,6,Sunday,October,4,2022-10,2022-4
20221010,2022-10-10,2022,10,10,0,Monday,October,4,2022-10,2022-4
20221011,2022-10-11,2022,10,11,1,Tuesday,October,4,2022-10,2022-4
20221012,2022-10-12,2022,10,12,2,Wednesday,October,4,2022-10,2022-4
20221013,2022-10-13,2022,10,13,3,Thursday,October,4,2022-10,2022-4
20221014,2022-10-14,2022,10,14,4,Friday,October,4,2022-10,2022-4
20221015,2022-10-15,2022,10,15,5,Saturday,October,4,2022-10,2022-4
20221016,2022-10-16,2022,10,16,6,Sunday,October,4,2022-10,2022-4
20221017,2022-10-17,2022,10,17,0,Monday,October,4,2022-10,2022-4
20221018,2022-10-18,2022,10,18,1,Tuesday,October,4,2022-10,2022-4
20221019,2022-10-19,2022,10,19,2,Wednesday,October,4,2022-10,2022-4
20221020,2022-10-20,2022,10,20,3,Thursday,October,4,2022-10,2022-4
20221021,2022-10-21,2022,10,21,4,Friday,October,4,2022-10,2022-4
20221022,2022-10-22,2022,10,22,5,Saturday,October,4,2022-10,2022-4
20221023,2022-10-23,2022,10,23,6,Sunday,October,4,2022-10,2022-4
20221024,2022-10-24,2022,10,24,0,Monday,October,4,2022-10,2022-4
20221025,2022-10-25,2022,10,25,1,Tuesday,October,4,2022-10,2022-4
20221026,2022-10-26,2022,10,26,2,Wednesday,October,4,2022-10,2022-4
20221027,2022-10-27,2022,10,27,3,Thursday,October,4,2022-10,2022-4
20221028,2022-10-28,2022,10,28,4,Friday,October,4,2022-10,2022-4
20221029,2022-10-29,2022,10,29,5,Saturday,October,4,2022-10,2022-4
20221030,2022-10-30,2022,10,30,6,Sunday,October,4,2022-10,2022-4
20221031,2022-10-31,2022,10,31,0,Monday,October,4,2022-10,2022-4
20221101,2022-11-01,2022,11,1,1,Tuesday,November,4,2022-11,2022-4
20221102,2022-11-02,2022,11,2,2,Wednesday,November,4,2022-11,2022-4
20221103,2022-11-03,2022,11,3,3,Thursday,November,4,2022-11,2022-4
20221104,2022-11-04,2022,11,4,4,Friday,November,4,2022-11,2022-4
20221105,2022-11-05,2022,11,5,5,Saturday,November,4,2022-11,2022-4
20221106,2022-11-06,2022,11,6,6,Sunday,November,4,2022-11,2022-4
20221107,2022-11-07,2022,11,7,0,Monday,November,4,2022-11,2022-4
20221108,2022-11-08,2022,11,8,1,Tuesday,November,4,2022-11,2022-4
20221109,2022-11-09,2022,11,9,2,Wednesday,November,4,2022-11,2022-4
20221110,2022-11-10,2022,11,10,3,Thursday,November,4,2022-11,2022-4
20221111,2022-11-11,2022,11,11,4,Friday,November,4,2022-11,2022-4
20221112,2022-11-12,2022,11,12,5,Saturday,November,4,2022-11,2022-4
20221113,2022-11-13,2022,11,13,6,Sunday,November,4,2022-11,2022-4
20221114,2022-11-14,2022,11,14,0,Monday,November,4,2022-11,2022-4
20221115,2022-11-15,2022,11,15,1,Tuesday,November,4,2022-11,2022-4
20221116,2022-11-16,2022,11,16,2,Wednesday,November,4,2022-11,2022-4
20221117,2022-11-17,2022,11,17,3,Thursday,November,4,2022-11,2022-4
20221118,2022-11-18,2022,11,18,4,Friday,November,4,2022-11,2022-4
20221119,2022-11-19,2022,11,19,5,Saturday,November,4,2022-11,2022-4
20221120,2022-11-20,2022,11,20,6,Sunday,November,4,2022-11,2022-4
20221121,2022-11-21,2022,11,21,0,Monday,November,4,2022-11,2022-4
20221122,2022-11-22,2022,11,22,1,Tuesday,November,4,2022-11,2022-4
20221123,2022-11-23,2022,11,23,2,Wednesday,November,4,2022-11,2022-4
20221124,2022-11-24,2022,11,24,3,Thursday,November,4,2022-11,2022-4
20221125,2022-11-25,2022,11,25,4,Friday,November,4,2022-11,2022-4
20221126,2022-11-26,2022,11,26,5,Saturday,November,4,2022-11,2022-4
20221127,2022-11-27,2022,11,27,6,Sunday,November,4,2022-11,2022-4
20221128,2022-11-28,2022,11,28,0,Monday,November,4,2022-11,2022-4
20221129,2022-11-29,2022,11,29,1,Tuesday,November,4,2022-11,2022-4
20221130,2022-11-30,2022,11,30,2,Wednesday,November,4,2022-11,2022-4
20221201,2022-12-01,2022,12,1,3,Thursday,December,4,2022-12,2022-4
20221202,2022-12-02,2022,12,2,4,Friday,December,4,2022-12,2022-4
20221203,2022-12-03,2022,12,3,5,Saturday,December,4,2022-12,2022-4
20221204,2022-12-04,2022,12,4,6,Sunday,December,4,2022-12,2022-4
20221205,2022-12-05,2022,12,5,0,Monday,December,4,2022-12,2022-4
20221206,2022-12-06,2022,12,6,1,Tuesday,December,4,2022-12,2022-4
20221207,2022-12-07,2022,12,7,2,Wednesday,December,4,2022-12,2022-4
20221208,2022-12-08,2022,12,8,3,Thursday,December,4,2022-12,2022-4
20221209,2022-12-09,2022,12,9,4,Friday,December,4,2022-12,2022-4
20221210,2022-12-10,2022,12,10,5,Saturday,December,4,2022-12,2022-4
20221211,2022-12-11,2022,12,11,6,Sunday,December,4,2022-12,2022-4
20221212,2022-12-12,2022,12,12,0,Monday,December,4,2022-12,2022-4
20221213,2022-12-13,2022,12,13,1,Tuesday,December,4,2022-12,2022-4
20221214,2022-12-14,2022,12,14,2,Wednesday,December,4,2022-12,2022-4
20221215,2022-12-15,2022,12,15,3,Thursday,December,4,2022-12,2022-4
20221216,2022-12-16,2022,12,16,4,Friday,December,4,2022-12,2022-4
20221217,2022-12-17,2022,12,17,5,Saturday,December,4,2022-12,2022-4
20221218,2022-12-18,2022,12,18,6,Sunday,December,4,2022-12,2022-4
20221219,2022-12-19,2022,12,19,0,Monday,December,4,2022-12,2022-4
20221220,2022-12-20,2022,12,20,1,Tuesday,December,4,2022-12,2022-4
20221221,2022-12-21,2022,12,21,2,Wednesday,December,4,2022-12,2022-4
20221222,2022-12-22,2022,12,22,3,Thursday,December,4,2022-12,2022-4
20221223,2022-12-23,2022,12,23,4,Friday,December,4,2022-12,2022-4
20221224,2022-12-24,2022,12,24,5,Saturday,December,4,2022-12,2022-4
20221225,2022-12-25,2022,12,25,6,Sunday,December,4,2022-12,2022-4
20221226,2022-12-26,2022,12,26,0,Monday,December,4,2022-12,2022-4
20221227,2022-12-27,2022,12,27,1,Tuesday,December,4,2022-12,2022-4
20221228,2022-12-28,2022,12,28,2,Wednesday,December,4,2022-12,2022-4
20221229,2022-12-29,2022,12,29,3,Thursday,December,4,2022-12,2022-4
20221230,2022-12-30,2022,12,30,4,Friday,December,4,2022-12,2022-4
20221231,2022-12-31,2022,12,31,5,Saturday,December,4,2022-12,2022-4
20230101,2023-01-01,2023,1,1,6,Sunday,January,1,2023-1,2023-1
20230102,2023-01-02,2023,1,2,0,Monday,January,1,2023-1,2023-1
20230103,2023-01-03,2023,1,3,1,Tuesday,January,1,2023-1,2023-1
20230104,2023-01-04,2023,1,4,2,Wednesday,January,1,2023-1,2023-1
20230105,2023-01-05,2023,1,5,3,Thursday,January,1,2023-1,2023-1
20230106,2023-01-06,2023,1,6,4,Friday,January,1,2023-1,2023-1
20230107,2023-01-07,2023,1,7,5,Saturday,January,1,2023-1,2023-1
20230108,2023-01-08,2023,1,8,6,Sunday,January,1,2023-1,2023-1
20230109,2023-01-09,2023,1,9,0,Monday,January,1,2023-1,2023-1
20230110,2023-01-10,2023,1,10,1,Tuesday,January,1,2023-1,2023-1
20230111,2023-01-11,2023,1,11,2,Wednesday,January,1,2023-1,2023-1
20230112,2023-01-12,2023,1,12,3,Thursday,January,1,2023-1,2023-1
20230113,2023-01-13,2023,1,13,4,Friday,January,1,2023-1,2023-1
20230114,2023-01-14,2023,1,14,5,Saturday,January,1,2023-1,2023-1
20230115,2023-01-15,2023,1,15,6,Sunday,January,1,2023-1,2023-1
20230116,2023-01-16,2023,1,16,0,Monday,January,1,2023-1,2023-1
20230117,2023-01-17,2023,1,17,1,Tuesday,January,1,2023-1,2023-1
20230118,2023-01-18,2023,1,18,2,Wednesday,January,1,2023-1,2023-1
20230119,2023-01-19,2023,1,19,3,Thursday,January,1,2023-1,2023-1
20230120,2023-01-20,2023,1,20,4,Friday,January,1,2023-1,2023-1
20230121,2023-01-21,2023,1,21,5,Saturday,January,1,2023-1,2023-1
20230122,2023-01-22,2023,1,22,6,Sunday,January,1,2023-1,2023-1
20230123,2023-01-23,2023,1,23,0,Monday,January,1,2023-1,2023-1
20230124,2023-01-24,2023,1,24,1,Tuesday,January,1,2023-1,2023-1
20230125,2023-01-25,2023,1,25,2,Wednesday,January,1,2023-1,2023-1
20230126,2023-01-26,2023,1,26,3,Thursday,January,1,2023-1,2023-1
20230127,2023-01-27,2023,1,27,4,Friday,January,1,2023-1,2023-1
20230128,2023-01-28,2023,1,28,5,Saturday,January,1,2023-1,2023-1
20230129,2023-01-29,2023,1,29,6,Sunday,January,1,2023-1,2023-1
20230130,2023-01-30,2023,1,30,0,Monday,January,1,2023-1,2023-1
20230131,2023-01-31,2023,1,31,1,Tuesday,January,1,2023-1,2023-1
20230201,2023-02-01,2023,2,1,2,Wednesday,February,1,2023-2,2023-1
20230202,2023-02-02,2023,2,2,3,Thursday,February,1,2023-2,2023-1
20230203,2023-02-03,2023,2,3,4,Friday,February,1,2023-2,2023-1
20230204,2023-02-04,2023,2,4,5,Saturday,February,1,2023-2,2023-1
20230205,2023-02-05,2023,2,5,6,Sunday,February,1,2023-2,2023-1
20230206,2023-02-06,2023,2,6,0,Monday,February,1,2023-2,2023-1
20230207,2023-02-07,2023,2,7,1,Tuesday,February,1,2023-2,2023-1
20230208,2023-02-08,2023,2,8,2,Wednesday,February,1,2023-2,2023-1
20230209,2023-02-09,2023,2,9,3,Thursday,February,1,2023-2,2023-1
20230210,2023-02-10,2023,2,10,4,Friday,February,1,2023-2,2023-1
20230211,2023-02-11,2023,2,11,5,Saturday,February,1,2023-2,2023-1
20230212,2023-02-12,2023,2,12,6,Sunday,February,1,2023-2,2023-1
20230213,2023-02-13,2023,2,13,0,Monday,February,1,2023-2,2023-1
20230214,2023-02-14,2023,2,14,1,Tuesday,February,1,2023-2,2023-1
20230215,2023-02-15,2023,2,15,2,Wednesday,February,1,2023-2,2023-1
20230216,2023-02-16,2023,2,16,3,Thursday,February,1,2023-2,2023-1
20230217,2023-02-17,2023,2,17,4,Friday,February,1,2023-2,2023-1
20230218,2023-02-18,2023,2,18,5,Saturday,February,1,2023-2,2023-1
20230219,2023-02-19,2023,2,19,6,Sunday,February,1,2023-2,2023-1
20230220,2023-02-20,2023,2,20,0,Monday,February,1,2023-2,2023-1
20230221,2023-02-21,2023,2,21,1,Tuesday,February,1,2023-2,2023-1
20230222,2023-02-22,2023,2,22,2,Wednesday,February,1,2023-2,2023-1
20230223,2023-02-23,2023,2,23,3,Thursday,February,1,2023-2,2023-1
20230224,2023-02-24,2023,2,24,4,Friday,February,1,2023-2,2023-1
20230225,2023-02-25,2023,2,25,5,Saturday,February,1,2023-2,2023-1
20230226,2023-02-26,2023,2,26,6,Sunday,February,1,2023-2,2023-1
20230227,2023-02-27,2023,2,27,0,Monday,February,1,2023-2,2023-1
20230228,2023-02-28,2023,2,28,1,Tuesday,February,1,2023-2,2023-1
20230301,2023-03-01,2023,3,1,2,Wednesday,March,1,2023-3,2023-1
20230302,2023-03-02,2023,3,2,3,Thursday,March,1,2023-3,2023-1
20230303,2023-03-03,2023,3,3,4,Friday,March,1,2023-3,2023-1
20230304,2023-03-04,2023,3,4,5,Saturday,March,1,2023-3,2023-1
20230305,2023-03-05,2023,3,5,6,Sunday,March,1,2023-3,2023-1
20230306,2023-03-06,2023,3,6,0,Monday,March,1,2023-3,2023-1
20230307,2023-03-07,2023,3,7,1,Tuesday,March,1,2023-3,2023-1
20230308,2023-03-08,2023,3,8,2,Wednesday,March,1,2023-3,2023-1
20230309,2023-03-09,2023,3,9,3,Thursday,March,1,2023-3,2023-1
20230310,2023-03-10,2023,3,10,4,Friday,March,1,2023-3,2023-1
20230311,2023-03-11,2023,3,11,5,Saturday,March,1,2023-3,2023-1
20230312,2023-03-12,2023,3,12,6,Sunday,March,1,2023-3,2023-1
20230313,2023-03-13,2023,3,13,0,Monday,March,1,2023-3,2023-1
20230314,2023-03-14,2023,3,14,1,Tuesday,March,1,2023-3,2023-1
20230315,2023-03-15,2023,3,15,2,Wednesday,March,1,2023-3,2023-1
20230316,2023-03-16,2023,3,16,3,Thursday,March,1,2023-3,2023-1
20230317,2023-03-17,2023,3,17,4,Friday,March,1,2023-3,2023-1
20230318,2023-03-18,2023,3,18,5,Saturday,March,1,2023-3,2023-1
20230319,2023-03-19,2023,3,19,6,Sunday,March,1,2023-3,2023-1
20230320,2023-03-20,2023,3,20,0,Monday,March,1,2023-3,2023-1
20230321,2023-03-21,2023,3,21,1,Tuesday,March,1,2023-3,2023-1
20230322,2023-03-22,2023,3,22,2,Wednesday,March,1,2023-3,2023-1
20230323,2023-03-23,2023,3,23,3,Thursday,March,1,2023-3,2023-1
20230324,2023-03-24,2023,3,24,4,Friday,March,1,2023-3,2023-1
20230325,2023-03-25,2023,3,25,5,Saturday,March,1,2023-3,2023-1
20230326,2023-03-26,2023,3,26,6,Sunday,March,1,2023-3,2023-1
20230327,2023-03-27,2023,3,27,0,Monday,March,1,2023-3,2023-1
20230328,2023-03-28,2023,3,28,1,Tuesday,March,1,2023-3,2023-1
20230329,2023-03-29,2023,3,29,2,Wednesday,March,1,2023-3,2023-1
20230330,2023-03-30,2023,3,30,3,Thursday,March,1,2023-3,2023-1
20230331,2023-03-31,2023,3,31,4,Friday,March,1,2023-3,2023-1
20230401,2023-04-01,2023,4,1,5,Saturday,April,2,2023-4,2023-2
20230402,2023-04-02,2023,4,2,6,Sunday,April,2,2023-4,2023-2
20230403,2023-04-03,2023,4,3,0,Monday,April,2,2023-4,2023-2
20230404,2023-04-04,2023,4,4,1,Tuesday,April,2,2023-4,2023-2
20230405,2023-04-05,2023,4,5,2,Wednesday,April,2,2023-4,2023-2
20230406,2023-04-06,2023,4,6,3,Thursday,April,2,2023-4,2023-2
20230407,2023-04-07,2023,4,7,4,Friday,April,2,2023-4,2023-2
20230408,2023-04-08,2023,4,8,5,Saturday,April,2,2023-4,2023-2
20230409,2023-04-09,2023,4,9,6,Sunday,April,2,2023-4,2023-2
20230410,2023-04-10,2023,4,10,0,Monday,April,2,2023-4,2023-2
20230411,2023-04-11,2023,4,11,1,Tuesday,April,2,2023-4,2023-2
20230412,2023-04-12,2023,4,12,2,Wednesday,April,2,2023-4,2023-2
20230413,2023-04-13,2023,4,13,3,Thursday,April,2,2023-4,2023-2
20230414,2023-04-14,2023,4,14,4,Friday,April,2,2023-4,2023-2
20230415,2023-04-15,2023,4,15,5,Saturday,April,2,2023-4,2023-2
20230416,2023-04-16,2023,4,16,6,Sunday,April,2,2023-4,2023-2
20230417,2023-04-17,2023,4,17,0,Monday,April,2,2023-4,2023-2
20230418,2023-04-18,2023,4,18,1,Tuesday,April,2,2023-4,2023-2
20230419,2023-04-19,2023,4,19,2,Wednesday,April,2,2023-4,2023-2
20230420,2023-04-20,2023,4,20,3,Thursday,April,2,2023-4,2023-2
20230421,2023-04-21,2023,4,21,4,Friday,April,2,2023-4,2023-2
20230422,2023-04-22,2023,4,22,5,Saturday,April,2,2023-4,2023-2
20230423,2023-04-23,2023,4,23,6,Sunday,April,2,2023-4,2023-2
20230424,2023-04-24,2023,4,24,0,Monday,April,2,2023-4,2023-2
20230425,2023-04-25,2023,4,25,1,Tuesday,April,2,2023-4,2023-2
20230426,2023-04-26,2023,4,26,2,Wednesday,April,2,2023-4,2023-2
20230427,2023-04-27,2023,4,27,3,Thursday,April,2,2023-4,2023-2
20230428,2023-04-28,2023,4,28,4,Friday,April,2,2023-4,2023-2
20230429,2023-04-29,2023,4,29,5,Saturday,April,2,2023-4,2023-2
20230430,2023-04-30,2023,4,30,6,Sunday,April,2,2023-4,2023-2
20230501,2023-05-01,2023,5,1,0,Monday,May,2,2023-5,2023-2
20230502,2023-05-02,2023,5,2,1,Tuesday,May,2,2023-5,2023-2
20230503,2023-05-03,2023,5,3,2,Wednesday,May,2,2023-5,2023-2
20230504,2023-05-04,2023,5,4,3,Thursday,May,2,2023-5,2023-2
20230505,2023-05-05,2023,5,5,4,Friday,May,2,2023-5,2023-2
20230506,2023-05-06,2023,5,6,5,Saturday,May,2,2023-5,2023-2
20230507,2023-05-07,2023,5,7,6,Sunday,May,2,2023-5,2023-2
20230508,2023-05-08,2023,5,8,0,Monday,May,2,2023-5,2023-2
20230509,2023-05-09,2023,5,9,1,Tuesday,May,2,2023-5,2023-2
20230510,2023-05-10,2023,5,10,2,Wednesday,May,2,2023-5,2023-2
20230511,2023-05-11,2023,5,11,3,Thursday,May,2,2023-5,2023-2
20230512,2023-05-12,2023,5,12,4,Friday,May,2,2023-5,2023-2
20230513,2023-05-13,2023,5,13,5,Saturday,May,2,2023-5,2023-2
20230514,2023-05-14,2023,5,14,6,Sunday,May,2,2023-5,2023-2
20230515,2023-05-15,2023,5,15,0,Monday,May,2,2023-5,2023-2
20230516,2023-05-16,2023,5,16,1,Tuesday,May,2,2023-5,2023-2
20230517,2023-05-17,2023,5,17,2,Wednesday,May,2,2023-5,2023-2
20230518,2023-05-18,2023,5,18,3,Thursday,May,2,2023-5,2023-2
20230519,2023-05-19,2023,5,19,4,Friday,May,2,2023-5,2023-2
20230520,2023-05-20,2023,5,20,5,Saturday,May,2,2023-5,2023-2
20230521,2023-05-21,2023,5,21,6,Sunday,May,2,2023-5,2023-2
20230522,2023-05-22,2023,5,22,0,Monday,May,2,2023-5,2023-2
20230523,2023-05-23,2023,5,23,1,Tuesday,May,2,2023-5,2023-2
20230524,2023-05-24,2023,5,24,2,Wednesday,May,2,2023-5,2023-2
20230525,2023-05-25,2023,5,25,3,Thursday,May,2,2023-5,2023-2
20230526,2023-05-26,2023,5,26,4,Friday,May,2,2023-5,2023-2
20230527,2023-05-27,2023,5,27,5,Saturday,May,2,2023-5,2023-2
20230528,2023-05-28,2023,5,28,6,Sunday,May,2,2023-5,2023-2
20230529,2023-05-29,2023,5,29,0,Monday,May,2,2023-5,2023-2
20230530,2023-05-30,2023,5,30,1,Tuesday,May,2,2023-5,2023-2
20230531,2023-05-31,2023,5,31,2,Wednesday,May,2,2023-5,2023-2
20230601,2023-06-01,2023,6,1,3,Thursday,June,2,2023-6,2023-2
20230602,2023-06-02,2023,6,2,4,Friday,June,2,2023-6,2023-2
20230603,2023-06-03,2023,6,3,5,Saturday,June,2,2023-6,2023-2
20230604,2023-06-04,2023,6,4,6,Sunday,June,2,2023-6,2023-2
20230605,2023-06-05,2023,6,5,0,Monday,June,2,2023-6,2023-2
20230606,2023-06-06,2023,6,6,1,Tuesday,June,2,2023-6,2023-2
20230607,2023-06-07,2023,6,7,2,Wednesday,June,2,2023-6,2023-2
20230608,2023-06-08,2023,6,8,3,Thursday,June,2,2023-6,2023-2
20230609,2023-06-09,2023,6,9,4,Friday,June,2,2023-6,2023-2
20230610,2023-06-10,2023,6,10,5,Saturday,June,2,2023-6,2023-2
20230611,2023-06-11,2023,6,11,6,Sunday,June,2,2023-6,2023-2
20230612,2023-06-12,2023,6,12,0,Monday,June,2,2023-6,2023-2
20230613,2023-06-13,2023,6,13,1,Tuesday,June,2,2023-6,2023-2
20230614,2023-06-14,2023,6,14,2,Wednesday,June,2,2023-6,2023-2
20230615,2023-06-15,2023,6,15,3,Thursday,June,2,2023-6,2023-2
20230616,2023-06-16,2023,6,16,4,Friday,June,2,2023-6,2023-2
20230617,2023-06-17,2023,6,17,5,Saturday,June,2,2023-6,2023-2
20230618,2023-06-18,2023,6,18,6,Sunday,June,2,2023-6,2023-2
20230619,2023-06-19,2023,6,19,0,Monday,June,2,2023-6,2023-2
20230620,2023-06-20,2023,6,20,1,Tuesday,June,2,2023-6,2023-2
20230621,2023-06-21,2023,6,21,2,Wednesday,June,2,2023-6,2023-2
20230622,2023-06-22,2023,6,22,3,Thursday,June,2,2023-6,2023-2
20230623,2023-06-23,2023,6,23,4,Friday,June,2,2023-6,2023-2
20230624,2023-06-24,2023,6,24,5,Saturday,June,2,2023-6,2023-2
20230625,2023-06-25,2023,6,25,6,Sunday,June,2,2023-6,2023-2
20230626,2023-06-26,2023,6,26,0,Monday,June,2,2023-6,2023-2
20230627,2023-06-27,2023,6,27,1,Tuesday,June,2,2023-6,2023-2
20230628,2023-06-28,2023,6,28,2,Wednesday,June,2,2023-6,2023-2
20230629,2023-06-29,2023,6,29,3,Thursday,June,2,2023-6,2023-2
20230630,2023-06-30,2023,6,30,4,Friday,June,2,2023-6,2023-2
20230701,2023-07-01,2023,7,1,5,Saturday,July,3,2023-7,2023-3
20230702,2023-07-02,2023,7,2,6,Sunday,July,3,2023-7,2023-3
20230703,2023-07-03,2023,7,3,0,Monday,July,3,2023-7,2023-3
20230704,2023-07-04,2023,7,4,1,Tuesday,July,3,2023-7,2023-3
20230705,2023-07-05,2023,7,5,2,Wednesday,July,3,2023-7,2023-3
20230706,2023-07-06,2023,7,6,3,Thursday,July,3,2023-7,2023-3
20230707,2023-07-07,2023,7,7,4,Friday,July,3,2023-7,2023-3
20230708,2023-07-08,2023,7,8,5,Saturday,July,3,2023-7,2023-3
20230709,2023-07-09,2023,7,9,6,Sunday,July,3,2023-7,2023-3
20230710,2023-07-10,2023,7,10,0,Monday,July,3,2023-7,2023-3
20230711,2023-07-11,2023,7,11,1,Tuesday,July,3,2023-7,2023-3
20230712,2023-07-12,2023,7,12,2,Wednesday,July,3,2023-7,2023-3
20230713,2023-07-13,2023,7,13,3,Thursday,July,3,2023-7,2023-3
20230714,2023-07-14,2023,7,14,4,Friday,July,3,2023-7,2023-3
20230715,2023-07-15,2023,7,15,5,Saturday,July,3,2023-7,2023-3
20230716,2023-07-16,2023,7,16,6,Sunday,July,3,2023-7,2023-3
20230717,2023-07-17,2023,7,17,0,Monday,July,3,2023-7,2023-3
20230718,2023-07-18,2023,7,18,1,Tuesday,July,3,2023-7,2023-3
20230719,2023-07-19,2023,7,19,2,Wednesday,July,3,2023-7,2023-3
20230720,2023-07-20,2023,7,20,3,Thursday,July,3,2023-7,2023-3
20230721,2023-07-21,2023,7,21,4,Friday,July,3,2023-7,2023-3
20230722,2023-07-22,2023,7,22,5,Saturday,July,3,2023-7,2023-3
20230723,2023-07-23,2023,7,23,6,Sunday,July,3,2023-7,2023-3
20230724,2023-07-24,2023,7,24,0,Monday,July,3,2023-7,2023-3
20230725,2023-07-25,2023,7,25,1,Tuesday,July,3,2023-7,2023-3
20230726,2023-07-26,2023,7,26,2,Wednesday,July,3,2023-7,2023-3
20230727,2023-07-27,2023,7,27,3,Thursday,July,3,2023-7,2023-3
20230728,2023-07-28,2023,7,28,4,Friday,July,3,2023-7,2023-3
20230729,2023-07-29,2023,7,29,5,Saturday,July,3,2023-7,2023-3
20230730,2023-07-30,2023,7,30,6,Sunday,July,3,2023-7,2023-3
20230731,2023-07-31,2023,7,31,0,Monday,July,3,2023-7,2023-3
20230801,2023-08-01,2023,8,1,1,Tuesday,August,3,2023-8,2023-3
20230802,2023-08-02,2023,8,2,2,Wednesday,August,3,2023-8,2023-3
20230803,2023-08-03,2023,8,3,3,Thursday,August,3,2023-8,2023-3
20230804,2023-08-04,2023,8,4,4,Friday,August,3,2023-8,2023-3
20230805,2023-08-05,2023,8,5,5,Saturday,August,3,2023-8,2023-3
20230806,2023-08-06,2023,8,6,6,Sunday,August,3,2023-8,2023-3
20230807,2023-08-07,2023,8,7,0,Monday,August,3,2023-8,2023-3
20230808,2023-08-08,2023,8,8,1,Tuesday,August,3,2023-8,2023-3
20230809,2023-08-09,2023,8,9,2,Wednesday,August,3,2023-8,2023-3
20230810,2023-08-10,2023,8,10,3,Thursday,August,3,2023-8,2023-3
20230811,2023-08-11,2023,8,11,4,Friday,August,3,2023-8,2023-3
20230812,2023-08-12,2023,8,12,5,Saturday,August,3,2023-8,2023-3
20230813,2023-08-13,2023,8,13,6,Sunday,August,3,2023-8,2023-3
20230814,2023-08-14,2023,8,14,0,Monday,August,3,2023-8,2023-3
20230815,2023-08-15,2023,8,15,1,Tuesday,August,3,2023-8,2023-3
20230816,2023-08-16,2023,8,16,2,Wednesday,August,3,2023-8,2023-3
20230817,2023-08-17,2023,8,17,3,Thursday,August,3,2023-8,2023-3
20230818,2023-08-18,2023,8,18,4,Friday,August,3,2023-8,2023-3
20230819,2023-08-19,2023,8,19,5,Saturday,August,3,2023-8,2023-3
20230820,2023-08-20,2023,8,20,6,Sunday,August,3,2023-8,2023-3
20230821,2023-08-21,2023,8,21,0,Monday,August,3,2023-8,2023-3
20230822,2023-08-22,2023,8,22,1,Tuesday,August,3,2023-8,2023-3
20230823,2023-08-23,2023,8,23,2,Wednesday,August,3,2023-8,2023-3
20230824,2023-08-24,2023,8,24,3,Thursday,August,3,2023-8,2023-3
20230825,2023-08-25,2023,8,25,4,Friday,August,3,2023-8,2023-3
20230826,2023-08-26,2023,8,26,5,Saturday,August,3,2023-8,2023-3
20230827,2023-08-27,2023,8,27,6,Sunday,August,3,2023-8,2023-3
20230828,2023-08-28,2023,8,28,0,Monday,August,3,2023-8,2023-3
20230829,2023-08-29,2023,8,29,1,Tuesday,August,3,2023-8,2023-3
20230830,2023-08-30,2023,8,30,2,Wednesday,August,3,2023-8,2023-3
20230831,2023-08-31,2023,8,31,3,Thursday,August,3,2023-8,2023-3
20230901,2023-09-01,2023,9,1,4,Friday,September,3,2023-9,2023-3
20230902,2023-09-02,2023,9,2,5,Saturday,September,3,2023-9,2023-3
20230903,2023-09-03,2023,9,3,6,Sunday,September,3,2023-9,2023-3
20230904,2023-09-04,2023,9,4,0,Monday,September,3,2023-9,2023-3
20230905,2023-09-05,2023,9,5,1,Tuesday,September,3,2023-9,2023-3
20230906,2023-09-06,2023,9,6,2,Wednesday,September,3,2023-9,2023-3
20230907,2023-09-07,2023,9,7,3,Thursday,September,3,2023-9,2023-3
20230908,2023-09-08,2023,9,8,4,Friday,September,3,2023-9,2023-3
20230909,2023-09-09,2023,9,9,5,Saturday,September,3,2023-9,2023-3
20230910,2023-09-10,2023,9,10,6,Sunday,September,3,2023-9,2023-3
20230911,2023-09-11,2023,9,11,0,Monday,September,3,2023-9,2023-3
20230912,2023-09-12,2023,9,12,1,Tuesday,September,3,2023-9,2023-3
20230913,2023-09-13,2023,9,13,2,Wednesday,September,3,2023-9,2023-3
20230914,2023-09-14,2023,9,14,3,Thursday,September,3,2023-9,2023-3
20230915,2023-09-15,2023,9,15,4,Friday,September,3,2023-9,2023-3
20230916,2023-09-16,2023,9,16,5,Saturday,September,3,2023-9,2023-3
20230917,2023-09-17,2023,9,17,6,Sunday,September,3,2023-9,2023-3
20230918,2023-09-18,2023,9,18,0,Monday,September,3,2023-9,2023-3
20230919,2023-09-19,2023,9,19,1,Tuesday,September,3,2023-9,2023-3
20230920,2023-09-20,2023,9,20,2,Wednesday,September,3,2023-9,2023-3
20230921,2023-09-21,2023,9,21,3,Thursday,September,3,2023-9,2023-3
20230922,2023-09-22,2023,9,22,4,Friday,September,3,2023-9,2023-3
20230923,2023-09-23,2023,9,23,5,Saturday,September,3,2023-9,2023-3
20230924,2023-09-24,2023,9,24,6,Sunday,September,3,2023-9,2023-3
20230925,2023-09-25,2023,9,25,0,Monday,September,3,2023-9,2023-3
20230926,2023-09-26,2023,9,26,1,Tuesday,September,3,2023-9,2023-3
20230927,2023-09-27,2023,9,27,2,Wednesday,September,3,2023-9,2023-3
20230928,2023-09-28,2023,9,28,3,Thursday,September,3,2023-9,2023-3
20230929,2023-09-29,2023,9,29,4,Friday,September,3,2023-9,2023-3
20230930,2023-09-30,2023,9,30,5,Saturday,September,3,2023-9,2023-3
20231001,2023-10-01,2023,10,1,6,Sunday,October,4,2023-10,2023-4
20231002,2023-10-02,2023,10,2,0,Monday,October,4,2023-10,2023-4
20231003,2023-10-03,2023,10,3,1,Tuesday,October,4,2023-10,2023-4
20231004,2023-10-04,2023,10,4,2,Wednesday,October,4,2023-10,2023-4
20231005,2023-10-05,2023,10,5,3,Thursday,October,4,2023-10,2023-4
20231006,2023-10-06,2023,10,6,4,Friday,October,4,2023-10,2023-4
20231007,2023-10-07,2023,10,7,5,Saturday,October,4,2023-10,2023-4
20231008,2023-10-08,2023,10,8,6,Sunday,October,4,2023-10,2023-4
20231009,2023-10-09,2023,10,9,0,Monday,October,4,2023-10,2023-4
20231010,2023-10-10,2023,10,10,1,Tuesday,October,4,2023-10,2023-4
20231011,2023-10-11,2023,10,11,2,Wednesday,October,4,2023-10,2023-4
20231012,2023-10-12,2023,10,12,3,Thursday,October,4,2023-10,2023-4
20231013,2023-10-13,2023,10,13,4,Friday,October,4,2023-10,2023-4
20231014,2023-10-14,2023,10,14,5,Saturday,October,4,2023-10,2023-4
20231015,2023-10-15,2023,10,15,6,Sunday,October,4,2023-10,2023-4
20231016,2023-10-16,2023,10,16,0,Monday,October,4,2023-10,2023-4
20231017,2023-10-17,2023,10,17,1,Tuesday,October,4,2023-10,2023-4
20231018,2023-10-18,2023,10,18,2,Wednesday,October,4,2023-10,2023-4
20231019,2023-10-19,2023,10,19,3,Thursday,October,4,2023-10,2023-4
20231020,2023-10-20,2023,10,20,4,Friday,October,4,2023-10,2023-4
20231021,2023-10-21,2023,10,21,5,Saturday,October,4,2023-10,2023-4
20231022,2023-10-22,2023,10,22,6,Sunday,October,4,2023-10,2023-4
20231023,2023-10-23,2023,10,23,0,Monday,October,4,2023-10,2023-4
20231024,2023-10-24,2023,10,24,1,Tuesday,October,4,2023-10,2023-4
20231025,2023-10-25,2023,10,25,2,Wednesday,October,4,2023-10,2023-4
20231026,2023-10-26,2023,10,26,3,Thursday,October,4,2023-10,2023-4
20231027,2023-10-27,2023,10,27,4,Friday,October,4,2023-10,2023-4
20231028,2023-10-28,2023,10,28,5,Saturday,October,4,2023-10,2023-4
20231029,2023-10-29,2023,10,29,6,Sunday,October,4,2023-10,2023-4
20231030,2023-10-30,2023,10,30,0,Monday,October,4,2023-10,2023-4
20231031,2023-10-31,2023,10,31,1,Tuesday,October,4,2023-10,2023-4
20231101,2023-11-01,2023,11,1,2,Wednesday,November,4,2023-11,2023-4
20231102,2023-11-02,2023,11,2,3,Thursday,November,4,2023-11,2023-4
20231103,2023-11-03,2023,11,3,4,Friday,November,4,2023-11,2023-4
20231104,2023-11-04,2023,11,4,5,Saturday,November,4,2023-11,2023-4
20231105,2023-11-05,2023,11,5,6,Sunday,November,4,2023-11,2023-4
20231106,2023-11-06,2023,11,6,0,Monday,November,4,2023-11,2023-4
20231107,2023-11-07,2023,11,7,1,Tuesday,November,4,2023-11,2023-4
20231108,2023-11-08,2023,11,8,2,Wednesday,November,4,2023-11,2023-4
20231109,2023-11-09,2023,11,9,3,Thursday,November,4,2023-11,2023-4
20231110,2023-11-10,2023,11,10,4,Friday,November,4,2023-11,2023-4
20231111,2023-11-11,2023,11,11,5,Saturday,November,4,2023-11,2023-4
20231112,2023-11-12,2023,11,12,6,Sunday,November,4,2023-11,2023-4
20231113,2023-11-13,2023,11,13,0,Monday,November,4,2023-11,2023-4
20231114,2023-11-14,2023,11,14,1,Tuesday,November,4,2023-11,2023-4
20231115,2023-11-15,2023,11,15,2,Wednesday,November,4,2023-11,2023-4
20231116,2023-11-16,2023,11,16,3,Thursday,November,4,2023-11,2023-4
20231117,2023-11-17,2023,11,17,4,Friday,November,4,2023-11,2023-4
20231118,2023-11-18,2023,11,18,5,Saturday,November,4,2023-11,2023-4
20231119,2023-11-19,2023,11,19,6,Sunday,November,4,2023-11,2023-4
20231120,2023-11-20,2023,11,20,0,Monday,November,4,2023-11,2023-4
20231121,2023-11-21,2023,11,21,1,Tuesday,November,4,2023-11,2023-4
20231122,2023-11-22,2023,11,22,2,Wednesday,November,4,2023-11,2023-4
20231123,2023-11-23,2023,11,23,3,Thursday,November,4,2023-11,2023-4
20231124,2023-11-24,2023,11,24,4,Friday,November,4,2023-11,2023-4
20231125,2023-11-25,2023,11,25,5,Saturday,November,4,2023-11,2023-4
20231126,2023-11-26,2023,11,26,6,Sunday,November,4,2023-11,2023-4
20231127,2023-11-27,2023,11,27,0,Monday,November,4,2023-11,2023-4
20231128,2023-11-28,2023,11,28,1,Tuesday,November,4,2023-11,2023-4
20231129,2023-11-29,2023,11,29,2,Wednesday,November,4,2023-11,2023-4
20231130,2023-11-30,2023,11,30,3,Thursday,November,4,2023-11,2023-4
20231201,2023-12-01,2023,12,1,4,Friday,December,4,2023-12,2023-4
20231202,2023-12-02,2023,12,2,5,Saturday,December,4,2023-12,2023-4
20231203,2023-12-03,2023,12,3,6,Sunday,December,4,2023-12,2023-4
20231204,2023-12-04,2023,12,4,0,Monday,December,4,2023-12,2023-4
20231205,2023-12-05,2023,12,5,1,Tuesday,December,4,2023-12,2023-4
20231206,2023-12-06,2023,12,6,2,Wednesday,December,4,2023-12,2023-4
20231207,2023-12-07,2023,12,7,3,Thursday,December,4,2023-12,2023-4
20231208,2023-12-08,2023,12,8,4,Friday,December,4,2023-12,2023-4
20231209,2023-12-09,2023,12,9,5,Saturday,December,4,2023-12,2023-4
20231210,2023-12-10,2023,12,10,6,Sunday,December,4,2023-12,2023-4
20231211,2023-12-11,2023,12,11,0,Monday,December,4,2023-12,2023-4
20231212,2023-12-12,2023,12,12,1,Tuesday,December,4,2023-12,2023-4
20231213,2023-12-13,2023,12,13,2,Wednesday,December,4,2023-12,2023-4
20231214,2023-12-14,2023,12,14,3,Thursday,December,4,2023-12,2023-4
20231215,2023-12-15,2023,12,15,4,Friday,December,4,2023-12,2023-4
20231216,2023-12-16,2023,12,16,5,Saturday,December,4,2023-12,2023-4
20231217,2023-12-17,2023,12,17,6,Sunday,December,4,2023-12,2023-4
20231218,2023-12-18,2023,12,18,0,Monday,December,4,2023-12,2023-4
20231219,2023-12-19,2023,12,19,1,Tuesday,December,4,2023-12,2023-4
20231220,2023-12-20,2023,12,20,2,Wednesday,December,4,2023-12,2023-4
20231221,2023-12-21,2023,12,21,3,Thursday,December,4,2023-12,2023-4
20231222,2023-12-22,2023,12,22,4,Friday,December,4,2023-12,2023-4
20231223,2023-12-23,2023,12,23,5,Saturday,December,4,2023-12,2023-4
20231224,2023-12-24,2023,12,24,6,Sunday,December,4,2023-12,2023-4
20231225,2023-12-25,2023,12,25,0,Monday,December,4,2023-12,2023-4
20231226,2023-12-26,2023,12,26,1,Tuesday,December,4,2023-12,2023-4
20231227,2023-12-27,2023,12,27,2,Wednesday,December,4,2023-12,2023-4
20231228,2023-12-28,2023,12,28,3,Thursday,December,4,2023-12,2023-4
20231229,2023-12-29,2023,12,29,4,Friday,December,4,2023-12,2023-4
20231230,2023-12-30,2023,12,30,5,Saturday,December,4,2023-12,2023-4
20231231,2023-12-31,2023,12,31,6,Sunday,December,4,2023-12,2023-4
20240101,2024-01-01,2024,1,1,0,Monday,January,1,2024-1,2024-1
20240102,2024-01-02,2024,1,2,1,Tuesday,January,1,2024-1,2024-1
20240103,2024-01-03,2024,1,3,2,Wednesday,January,1,2024-1,2024-1
20240104,2024-01-04,2024,1,4,3,Thursday,January,1,2024-1,2024-1
20240105,2024-01-05,2024,1,5,4,Friday,January,1,2024-1,2024-1
20240106,2024-01-06,2024,1,6,5,Saturday,January,1,2024-1,2024-1
20240107,2024-01-07,2024,1,7,6,Sunday,January,1,2024-1,2024-1
20240108,2024-01-08,2024,1,8,0,Monday,January,1,2024-1,2024-1
20240109,2024-01-09,2024,1,9,1,Tuesday,January,1,2024-1,2024-1
20240110,2024-01-10,2024,1,10,2,Wednesday,January,1,2024-1,2024-1
20240111,2024-01-11,2024,1,11,3,Thursday,January,1,2024-1,2024-1
20240112,2024-01-12,2024,1,12,4,Friday,January,1,2024-1,2024-1
20240113,2024-01-13,2024,1,13,5,Saturday,January,1,2024-1,2024-1
20240114,2024-01-14,2024,1,14,6,Sunday,January,1,2024-1,2024-1
20240115,2024-01-15,2024,1,15,0,Monday,January,1,2024-1,2024-1
20240116,2024-01-16,2024,1,16,1,Tuesday,January,1,2024-1,2024-1
20240117,2024-01-17,2024,1,17,2,Wednesday,January,1,2024-1,2024-1
20240118,2024-01-18,2024,1,18,3,Thursday,January,1,2024-1,2024-1
20240119,2024-01-19,2024,1,19,4,Friday,January,1,2024-1,2024-1
20240120,2024-01-20,2024,1,20,5,Saturday,January,1,2024-1,2024-1
20240121,2024-01-21,2024,1,21,6,Sunday,January,1,2024-1,2024-1
20240122,2024-01-22,2024,1,22,0,Monday,January,1,2024-1,2024-1
20240123,2024-01-23,2024,1,23,1,Tuesday,January,1,2024-1,2024-1
20240124,2024-01-24,2024,1,24,2,Wednesday,January,1,2024-1,2024-1
20240125,2024-01-25,2024,1,25,3,Thursday,January,1,2024-1,2024-1
20240126,2024-01-26,2024,1,26,4,Friday,January,1,2024-1,2024-1
20240127,2024-01-27,2024,1,27,5,Saturday,January,1,2024-1,2024-1
20240128,2024-01-28,2024,1,28,6,Sunday,January,1,2024-1,2024-1
20240129,2024-01-29,2024,1,29,0,Monday,January,1,2024-1,2024-1
20240130,2024-01-30,2024,1,30,1,Tuesday,January,1,2024-1,2024-1
20240131,2024-01-31,2024,1,31,2,Wednesday,January,1,2024-1,2024-1
20240201,2024-02-01,2024,2,1,3,Thursday,February,1,2024-2,2024-1
20240202,2024-02-02,2024,2,2,4,Friday,February,1,2024-2,2024-1
20240203,2024-02-03,2024,2,3,5,Saturday,February,1,2024-2,2024-1
20240204,2024-02-04,2024,2,4,6,Sunday,February,1,2024-2,2024-1
20240205,2024-02-05,2024,2,5,0,Monday,February,1,2024-2,2024-1
20240206,2024-02-06,2024,2,6,1,Tuesday,February,1,2024-2,2024-1
20240207,2024-02-07,2024,2,7,2,Wednesday,February,1,2024-2,2024-1
20240208,2024-02-08,2024,2,8,3,Thursday,February,1,2024-2,2024-1
20240209,2024-02-09,2024,2,9,4,Friday,February,1,2024-2,2024-1
20240210,2024-02-10,2024,2,10,5,Saturday,February,1,2024-2,2024-1
20240211,2024-02-11,2024,2,11,6,Sunday,February,1,2024-2,2024-1
20240212,2024-02-12,2024,2,12,0,Monday,February,1,2024-2,2024-1
20240213,2024-02-13,2024,2,13,1,Tuesday,February,1,2024-2,2024-1
20240214,2024-02-14,2024,2,14,2,Wednesday,February,1,2024-2,2024-1
20240215,2024-02-15,2024,2,15,3,Thursday,February,1,2024-2,2024-1
20240216,2024-02-16,2024,2,16,4,Friday,February,1,2024-2,2024-1
20240217,2024-02-17,2024,2,17,5,Saturday,February,1,2024-2,2024-1
20240218,2024-02-18,2024,2,18,6,Sunday,February,1,2024-2,2024-1
20240219,2024-02-19,2024,2,19,0,Monday,February,1,2024-2,2024-1
20240220,2024-02-20,2024,2,20,1,Tuesday,February,1,2024-2,2024-1
20240221,2024-02-21,2024,2,21,2,Wednesday,February,1,2024-2,2024-1
20240222,2024-02-22,2024,2,22,3,Thursday,February,1,2024-2,2024-1
20240223,2024-02-23,2024,2,23,4,Friday,February,1,2024-2,2024-1
20240224,2024-02-24,2024,2,24,5,Saturday,February,1,2024-2,2024-1
20240225,2024-02-25,2024,2,25,6,Sunday,February,1,2024-2,2024-1
20240226,2024-02-26,2024,2,26,0,Monday,February,1,2024-2,2024-1
20240227,2024-02-27,2024,2,27,1,Tuesday,February,1,2024-2,2024-1
20240228,2024-02-28,2024,2,28,2,Wednesday,February,1,2024-2,2024-1
20240229,2024-02-29,2024,2,29,3,Thursday,February,1,2024-2,2024-1
20240301,2024-03-01,2024,3,1,4,Friday,March,1,2024-3,2024-1
20240302,2024-03-02,2024,3,2,5,Saturday,March,1,2024-3,2024-1
20240303,2024-03-03,2024,3,3,6,Sunday,March,1,2024-3,2024-1
20240304,2024-03-04,2024,3,4,0,Monday,March,1,2024-3,2024-1
20240305,2024-03-05,2024,3,5,1,Tuesday,March,1,2024-3,2024-1
20240306,2024-03-06,2024,3,6,2,Wednesday,March,1,2024-3,2024-1
20240307,2024-03-07,2024,3,7,3,Thursday,March,1,2024-3,2024-1
20240308,2024-03-08,2024,3,8,4,Friday,March,1,2024-3,2024-1
20240309,2024-03-09,2024,3,9,5,Saturday,March,1,2024-3,2024-1
20240310,2024-03-10,2024,3,10,6,Sunday,March,1,2024-3,2024-1
20240311,2024-03-11,2024,3,11,0,Monday,March,1,2024-3,2024-1
20240312,2024-03-12,2024,3,12,1,Tuesday,March,1,2024-3,2024-1
20240313,2024-03-13,2024,3,13,2,Wednesday,March,1,2024-3,2024-1
20240314,2024-03-14,2024,3,14,3,Thursday,March,1,2024-3,2024-1
20240315,2024-03-15,2024,3,15,4,Friday,March,1,2024-3,2024-1
20240316,2024-03-16,2024,3,16,5,Saturday,March,1,2024-3,2024-1
20240317,2024-03-17,2024,3,17,6,Sunday,March,1,2024-3,2024-1
20240318,2024-03-18,2024,3,18,0,Monday,March,1,2024-3,2024-1
20240319,2024-03-19,2024,3,19,1,Tuesday,March,1,2024-3,2024-1
20240320,2024-03-20,2024,3,20,2,Wednesday,March,1,2024-3,2024-1
20240321,2024-03-21,2024,3,21,3,Thursday,March,1,2024-3,2024-1
20240322,2024-03-22,2024,3,22,4,Friday,March,1,2024-3,2024-1
20240323,2024-03-23,2024,3,23,5,Saturday,March,1,2024-3,2024-1
20240324,2024-03-24,2024,3,24,6,Sunday,March,1,2024-3,2024-1
20240325,2024-03-25,2024,3,25,0,Monday,March,1,2024-3,2024-1
20240326,2024-03-26,2024,3,26,1,Tuesday,March,1,2024-3,2024-1
20240327,2024-03-27,2024,3,27,2,Wednesday,March,1,2024-3,2024-1
20240328,2024-03-28,2024,3,28,3,Thursday,March,1,2024-3,2024-1
20240329,2024-03-29,2024,3,29,4,Friday,March,1,2024-3,2024-1
20240330,2024-03-30,2024,3,30,5,Saturday,March,1,2024-3,2024-1
20240331,2024-03-31,2024,3,31,6,Sunday,March,1,2024-3,2024-1
20240401,2024-04-01,2024,4,1,0,Monday,April,2,2024-4,2024-2
20240402,2024-04-02,2024,4,2,1,Tuesday,April,2,2024-4,2024-2
20240403,2024-04-03,2024,4,3,2,Wednesday,April,2,2024-4,2024-2
20240404,2024-04-04,2024,4,4,3,Thursday,April,2,2024-4,2024-2
20240405,2024-04-05,2024,4,5,4,Friday,April,2,2024-4,2024-2
20240406,2024-04-06,2024,4,6,5,Saturday,April,2,2024-4,2024-2
20240407,2024-04-07,2024,4,7,6,Sunday,April,2,2024-4,2024-2
20240408,2024-04-08,2024,4,8,0,Monday,April,2,2024-4,2024-2
20240409,2024-04-09,2024,4,9,1,Tuesday,April,2,2024-4,2024-2
20240410,2024-04-10,2024,4,10,2,Wednesday,April,2,2024-4,2024-2
20240411,2024-04-11,2024,4,11,3,Thursday,April,2,2024-4,2024-2
20240412,2024-04-12,2024,4,12,4,Friday,April,2,2024-4,2024-2
20240413,2024-04-13,2024,4,13,5,Saturday,April,2,2024-4,2024-2
20240414,2024-04-14,2024,4,14,6,Sunday,April,2,2024-4,2024-2
20240415,2024-04-15,2024,4,15,0,Monday,April,2,2024-4,2024-2
20240416,2024-04-16,2024,4,16,1,Tuesday,April,2,2024-4,2024-2
20240417,2024-04-17,2024,4,17,2,Wednesday,April,2,2024-4,2024-2
20240418,2024-04-18,2024,4,18,3,Thursday,April,2,2024-4,2024-2
20240419,2024-04-19,2024,4,19,4,Friday,April,2,2024-4,2024-2
20240420,2024-04-20,2024,4,20,5,Saturday,April,2,2024-4,2024-2
20240421,2024-04-21,2024,4,21,6,Sunday,April,2,2024-4,2024-2
20240422,2024-04-22,2024,4,22,0,Monday,April,2,2024-4,2024-2
20240423,2024-04-23,2024,4,23,1,Tuesday,April,2,2024-4,2024-2
20240424,2024-04-24,2024,4,24,2,Wednesday,April,2,2024-4,2024-2
20240425,2024-04-25,2024,4,25,3,Thursday,April,2,2024-4,2024-2
20240426,2024-04-26,2024,4,26,4,Friday,April,2,2024-4,2024-2
20240427,2024-04-27,2024,4,27,5,Saturday,April,2,2024-4,2024-2
20240428,2024-04-28,2024,4,28,6,Sunday,April,2,2024-4,2024-2
20240429,2024-04-29,2024,4,29,0,Monday,April,2,2024-4,2024-2
20240430,2024-04-30,2024,4,30,1,Tuesday,April,2,2024-4,2024-2
20240501,2024-05-01,2024,5,1,2,Wednesday,May,2,2024-5,2024-2
20240502,2024-05-02,2024,5,2,3,Thursday,May,2,2024-5,2024-2
20240503,2024-05-03,2024,5,3,4,Friday,May,2,2024-5,2024-2
20240504,2024-05-04,2024,5,4,5,Saturday,May,2,2024-5,2024-2
20240505,2024-05-05,2024,5,5,6,Sunday,May,2,2024-5,2024-2
20240506,2024-05-06,2024,5,6,0,Monday,May,2,2024-5,2024-2
20240507,2024-05-07,2024,5,7,1,Tuesday,May,2,2024-5,2024-2
20240508,2024-05-08,2024,5,8,2,Wednesday,May,2,2024-5,2024-2
20240509,2024-05-09,2024,5,9,3,Thursday,May,2,2024-5,2024-2
20240510,2024-05-10,2024,5,10,4,Friday,May,2,2024-5,2024-2
20240511,2024-05-11,2024,5,11,5,Saturday,May,2,2024-5,2024-2
20240512,2024-05-12,2024,5,12,6,Sunday,May,2,2024-5,2024-2
20240513,2024-05-13,2024,5,13,0,Monday,May,2,2024-5,2024-2
20240514,2024-05-14,2024,5,14,1,Tuesday,May,2,2024-5,2024-2
20240515,2024-05-15,2024,5,15,2,Wednesday,May,2,2024-5,2024-2
20240516,2024-05-16,2024,5,16,3,Thursday,May,2,2024-5,2024-2
20240517,2024-05-17,2024,5,17,4,Friday,May,2,2024-5,2024-2
20240518,2024-05-18,2024,5,18,5,Saturday,May,2,2024-5,2024-2
20240519,2024-05-19,2024,5,19,6,Sunday,May,2,2024-5,2024-2
20240520,2024-05-20,2024,5,20,0,Monday,May,2,2024-5,2024-2
20240521,2024-05-21,2024,5,21,1,Tuesday,May,2,2024-5,2024-2
20240522,2024-05-22,2024,5,22,2,Wednesday,May,2,2024-5,2024-2
20240523,2024-05-23,2024,5,23,3,Thursday,May,2,2024-5,2024-2
20240524,2024-05-24,2024,5,24,4,Friday,May,2,2024-5,2024-2
20240525,2024-05-25,2024,5,25,5,Saturday,May,2,2024-5,2024-2
20240526,2024-05-26,2024,5,26,6,Sunday,May,2,2024-5,2024-2
20240527,2024-05-27,2024,5,27,0,Monday,May,2,2024-5,2024-2
20240528,2024-05-28,2024,5,28,1,Tuesday,May,2,2024-5,2024-2
20240529,2024-05-29,2024,5,29,2,Wednesday,May,2,2024-5,2024-2
20240530,2024-05-30,2024,5,30,3,Thursday,May,2,2024-5,2024-2
20240531,2024-05-31,2024,5,31,4,Friday,May,2,2024-5,2024-2
20240601,2024-06-01,2024,6,1,5,Saturday,June,2,2024-6,2024-2
20240602,2024-06-02,2024,6,2,6,Sunday,June,2,2024-6,2024-2
20240603,2024-06-03,2024,6,3,0,Monday,June,2,2024-6,2024-2
20240604,2024-06-04,2024,6,4,1,Tuesday,June,2,2024-6,2024-2
20240605,2024-06-05,2024,6,5,2,Wednesday,June,2,2024-6,2024-2
20240606,2024-06-06,2024,6,6,3,Thursday,June,2,2024-6,2024-2
20240607,2024-06-07,2024,6,7,4,Friday,June,2,2024-6,2024-2
20240608,2024-06-08,2024,6,8,5,Saturday,June,2,2024-6,2024-2
20240609,2024-06-09,2024,6,9,6,Sunday,June,2,2024-6,2024-2
20240610,2024-06-10,2024,6,10,0,Monday,June,2,2024-6,2024-2
20240611,2024-06-11,2024,6,11,1,Tuesday,June,2,2024-6,2024-2
20240612,2024-06-12,2024,6,12,2,Wednesday,June,2,2024-6,2024-2
20240613,2024-06-13,2024,6,13,3,Thursday,June,2,2024-6,2024-2
20240614,2024-06-14,2024,6,14,4,Friday,June,2,2024-6,2024-2
20240615,2024-06-15,2024,6,15,5,Saturday,June,2,2024-6,2024-2
20240616,2024-06-16,2024,6,16,6,Sunday,June,2,2024-6,2024-2
20240617,2024-06-17,2024,6,17,0,Monday,June,2,2024-6,2024-2
20240618,2024-06-18,2024,6,18,1,Tuesday,June,2,2024-6,2024-2
20240619,2024-06-19,2024,6,19,2,Wednesday,June,2,2024-6,2024-2
20240620,2024-06-20,2024,6,20,3,Thursday,June,2,2024-6,2024-2
20240621,2024-06-21,2024,6,21,4,Friday,June,2,2024-6,2024-2
20240622,2024-06-22,2024,6,22,5,Saturday,June,2,2024-6,2024-2
20240623,2024-06-23,2024,6,23,6,Sunday,June,2,2024-6,2024-2
20240624,2024-06-24,2024,6,24,0,Monday,June,2,2024-6,2024-2
20240625,2024-06-25,2024,6,25,1,Tuesday,June,2,2024-6,2024-2
20240626,2024-06-26,2024,6,26,2,Wednesday,June,2,2024-6,2024-2
20240627,2024-06-27,2024,6,27,3,Thursday,June,2,2024-6,2024-2
20240628,2024-06-28,2024,6,28,4,Friday,June,2,2024-6,2024-2
20240629,2024-06-29,2024,6,29,5,Saturday,June,2,2024-6,2024-2
20240630,2024-06-30,2024,6,30,6,Sunday,June,2,2024-6,2024-2
20240701,2024-07-01,2024,7,1,0,Monday,July,3,2024-7,2024-3
20240702,2024-07-02,2024,7,2,1,Tuesday,July,3,2024-7,2024-3
20240703,2024-07-03,2024,7,3,2,Wednesday,July,3,2024-7,2024-3
20240704,2024-07-04,2024,7,4,3,Thursday,July,3,2024-7,2024-3
20240705,2024-07-05,2024,7,5,4,Friday,July,3,2024-7,2024-3
20240706,2024-07-06,2024,7,6,5,Saturday,July,3,2024-7,2024-3
20240707,2024-07-07,2024,7,7,6,Sunday,July,3,2024-7,2024-3
20240708,2024-07-08,2024,7,8,0,Monday,July,3,2024-7,2024-3
20240709,2024-07-09,2024,7,9,1,Tuesday,July,3,2024-7,2024-3
20240710,2024-07-10,2024,7,10,2,Wednesday,July,3,2024-7,2024-3
20240711,2024-07-11,2024,7,11,3,Thursday,July,3,2024-7,2024-3
20240712,2024-07-12,2024,7,12,4,Friday,July,3,2024-7,2024-3
20240713,2024-07-13,2024,7,13,5,Saturday,July,3,2024-7,2024-3
20240714,2024-07-14,2024,7,14,6,Sunday,July,3,2024-7,2024-3
20240715,2024-07-15,2024,7,15,0,Monday,July,3,2024-7,2024-3
20240716,2024-07-16,2024,7,16,1,Tuesday,July,3,2024-7,2024-3
20240717,2024-07-17,2024,7,17,2,Wednesday,July,3,2024-7,2024-3
20240718,2024-07-18,2024,7,18,3,Thursday,July,3,2024-7,2024-3
20240719,2024-07-19,2024,7,19,4,Friday,July,3,2024-7,2024-3
20240720,2024-07-20,2024,7,20,5,Saturday,July,3,2024-7,2024-3
20240721,2024-07-21,2024,7,21,6,Sunday,July,3,2024-7,2024-3
20240722,2024-07-22,2024,7,22,0,Monday,July,3,2024-7,2024-3
20240723,2024-07-23,2024,7,23,1,Tuesday,July,3,2024-7,2024-3
20240724,2024-07-24,2024,7,24,2,Wednesday,July,3,2024-7,2024-3
20240725,2024-07-25,2024,7,25,3,Thursday,July,3,2024-7,2024-3
20240726,2024-07-26,2024,7,26,4,Friday,July,3,2024-7,2024-3
20240727,2024-07-27,2024,7,27,5,Saturday,July,3,2024-7,2024-3
20240728,2024-07-28,2024,7,28,6,Sunday,July,3,2024-7,2024-3
20240729,2024-07-29,2024,7,29,0,Monday,July,3,2024-7,2024-3
20240730,2024-07-30,2024,7,30,1,Tuesday,July,3,2024-7,2024-3
20240731,2024-07-31,2024,7,31,2,Wednesday,July,3,2024-7,2024-3
20240801,2024-08-01,2024,8,1,3,Thursday,August,3,2024-8,2024-3
20240802,2024-08-02,2024,8,2,4,Friday,August,3,2024-8,2024-3
20240803,2024-08-03,2024,8,3,5,Saturday,August,3,2024-8,2024-3
20240804,2024-08-04,2024,8,4,6,Sunday,August,3,2024-8,2024-3
20240805,2024-08-05,2024,8,5,0,Monday,August,3,2024-8,2024-3
20240806,2024-08-06,2024,8,6,1,Tuesday,August,3,2024-8,2024-3
20240807,2024-08-07,2024,8,7,2,Wednesday,August,3,2024-8,2024-3
20240808,2024-08-08,2024,8,8,3,Thursday,August,3,2024-8,2024-3
20240809,2024-08-09,2024,8,9,4,Friday,August,3,2024-8,2024-3
20240810,2024-08-10,2024,8,10,5,Saturday,August,3,2024-8,2024-3
20240811,2024-08-11,2024,8,11,6,Sunday,August,3,2024-8,2024-3
20240812,2024-08-12,2024,8,12,0,Monday,August,3,2024-8,2024-3
20240813,2024-08-13,2024,8,13,1,Tuesday,August,3,2024-8,2024-3
20240814,2024-08-14,2024,8,14,2,Wednesday,August,3,2024-8,2024-3
20240815,2024-08-15,2024,8,15,3,Thursday,August,3,2024-8,2024-3
20240816,2024-08-16,2024,8,16,4,Friday,August,3,2024-8,2024-3
20240817,2024-08-17,2024,8,17,5,Saturday,August,3,2024-8,2024-3
20240818,2024-08-18,2024,8,18,6,Sunday,August,3,2024-8,2024-3
20240819,2024-08-19,2024,8,19,0,Monday,August,3,2024-8,2024-3
20240820,2024-08-20,2024,8,20,1,Tuesday,August,3,2024-8,2024-3
20240821,2024-08-21,2024,8,21,2,Wednesday,August,3,2024-8,2024-3
20240822,2024-08-22,2024,8,22,3,Thursday,August,3,2024-8,2024-3
20240823,2024-08-23,2024,8,23,4,Friday,August,3,2024-8,2024-3
20240824,2024-08-24,2024,8,24,5,Saturday,August,3,2024-8,2024-3
20240825,2024-08-25,2024,8,25,6,Sunday,August,3,2024-8,2024-3
20240826,2024-08-26,2024,8,26,0,Monday,August,3,2024-8,2024-3
20240827,2024-08-27,2024,8,27,1,Tuesday,August,3,2024-8,2024-3
20240828,2024-08-28,2024,8,28,2,Wednesday,August,3,2024-8,2024-3
20240829,2024-08-29,2024,8,29,3,Thursday,August,3,2024-8,2024-3
20240830,2024-08-30,2024,8,30,4,Friday,August,3,2024-8,2024-3
20240831,2024-08-31,2024,8,31,5,Saturday,August,3,2024-8,2024-3
20240901,2024-09-01,2024,9,1,6,Sunday,September,3,2024-9,2024-3
20240902,2024-09-02,2024,9,2,0,Monday,September,3,2024-9,2024-3
20240903,2024-09-03,2024,9,3,1,Tuesday,September,3,2024-9,2024-3
20240904,2024-09-04,2024,9,4,2,Wednesday,September,3,2024-9,2024-3
20240905,2024-09-05,2024,9,5,3,Thursday,September,3,2024-9,2024-3
20240906,2024-09-06,2024,9,6,4,Friday,September,3,2024-9,2024-3
20240907,2024-09-07,2024,9,7,5,Saturday,September,3,2024-9,2024-3
20240908,2024-09-08,2024,9,8,6,Sunday,September,3,2024-9,2024-3
20240909,2024-09-09,2024,9,9,0,Monday,September,3,2024-9,2024-3
20240910,2024-09-10,2024,9,10,1,Tuesday,September,3,2024-9,2024-3
20240911,2024-09-11,2024,9,11,2,Wednesday,September,3,2024-9,2024-3
20240912,2024-09-12,2024,9,12,3,Thursday,September,3,2024-9,2024-3
20240913,2024-09-13,2024,9,13,4,Friday,September,3,2024-9,2024-3
20240914,2024-09-14,2024,9,14,5,Saturday,September,3,2024-9,2024-3
20240915,2024-09-15,2024,9,15,6,Sunday,September,3,2024-9,2024-3
20240916,2024-09-16,2024,9,16,0,Monday,September,3,2024-9,2024-3
20240917,2024-09-17,2024,9,17,1,Tuesday,September,3,2024-9,2024-3
20240918,2024-09-18,2024,9,18,2,Wednesday,September,3,2024-9,2024-3
20240919,2024-09-19,2024,9,19,3,Thursday,September,3,2024-9,2024-3
20240920,2024-09-20,2024,9,20,4,Friday,September,3,2024-9,2024-3
20240921,2024-09-21,2024,9,21,5,Saturday,September,3,2024-9,2024-3
20240922,2024-09-22,2024,9,22,6,Sunday,September,3,2024-9,2024-3
20240923,2024-09-23,2024,9,23,0,Monday,September,3,2024-9,2024-3
20240924,2024-09-24,2024,9,24,1,Tuesday,September,3,2024-9,2024-3
20240925,2024-09-25,2024,9,25,2,Wednesday,September,3,2024-9,2024-3
20240926,2024-09-26,2024,9,26,3,Thursday,September,3,2024-9,2024-3
20240927,2024-09-27,2024,9,27,4,Friday,September,3,2024-9,2024-3
20240928,2024-09-28,2024,9,28,5,Saturday,September,3,2024-9,2024-3
20240929,2024-09-29,2024,9,29,6,Sunday,September,3,2024-9,2024-3
20240930,2024-09-30,2024,9,30,0,Monday,September,3,2024-9,2024-3
20241001,2024-10-01,2024,10,1,1,Tuesday,October,4,2024-10,2024-4
20241002,2024-10-02,2024,10,2,2,Wednesday,October,4,2024-10,2024-4
20241003,2024-10-03,2024,10,3,3,Thursday,October,4,2024-10,2024-4
20241004,2024-10-04,2024,10,4,4,Friday,October,4,2024-10,2024-4
20241005,2024-10-05,2024,10,5,5,Saturday,October,4,2024-10,2024-4
20241006,2024-10-06,2024,10,6,6,Sunday,October,4,2024-10,2024-4
20241007,2024-10-07,2024,10,7,0,Monday,October,4,2024-10,2024-4
20241008,2024-10-08,2024,10,8,1,Tuesday,October,4,2024-10,2024-4
20241009,2024-10-09,2024,10,9,2,Wednesday,October,4,2024-10,2024-4
20241010,2024-10-10,2024,10,10,3,Thursday,October,4,2024-10,2024-4
20241011,2024-10-11,2024,10,11,4,Friday,October,4,2024-10,2024-4
20241012,2024-10-12,2024,10,12,5,Saturday,October,4,2024-10,2024-4
20241013,2024-10-13,2024,10,13,6,Sunday,October,4,2024-10,2024-4
20241014,2024-10-14,2024,10,14,0,Monday,October,4,2024-10,2024-4
20241015,2024-10-15,2024,10,15,1,Tuesday,October,4,2024-10,2024-4
20241016,2024-10-16,2024,10,16,2,Wednesday,October,4,2024-10,2024-4
20241017,2024-10-17,2024,10,17,3,Thursday,October,4,2024-10,2024-4
20241018,2024-10-18,2024,10,18,4,Friday,October,4,2024-10,2024-4
20241019,2024-10-19,2024,10,19,5,Saturday,October,4,2024-10,2024-4
20241020,2024-10-20,2024,10,20,6,Sunday,October,4,2024-10,2024-4
20241021,2024-10-21,2024,10,21,0,Monday,October,4,2024-10,2024-4
20241022,2024-10-22,2024,10,22,1,Tuesday,October,4,2024-10,2024-4
20241023,2024-10-23,2024,10,23,2,Wednesday,October,4,2024-10,2024-4
20241024,2024-10-24,2024,10,24,3,Thursday,October,4,2024-10,2024-4
20241025,2024-10-25,2024,10,25,4,Friday,October,4,2024-10,2024-4
20241026,2024-10-26,2024,10,26,5,Saturday,October,4,2024-10,2024-4
20241027,2024-10-27,2024,10,27,6,Sunday,October,4,2024-10,2024-4
20241028,2024-10-28,2024,10,28,0,Monday,October,4,2024-10,2024-4
20241029,2024-10-29,2024,10,29,1,Tuesday,October,4,2024-10,2024-4
20241030,2024-10-30,2024,10,30,2,Wednesday,October,4,2024-10,2024-4
20241031,2024-10-31,2024,10,31,3,Thursday,October,4,2024-10,2024-4
20241101,2024-11-01,2024,11,1,4,Friday,November,4,2024-11,2024-4
20241102,2024-11-02,2024,11,2,5,Saturday,November,4,2024-11,2024-4
20241103,2024-11-03,2024,11,3,6,Sunday,November,4,2024-11,2024-4
20241104,2024-11-04,2024,11,4,0,Monday,November,4,2024-11,2024-4
20241105,2024-11-05,2024,11,5,1,Tuesday,November,4,2024-11,2024-4
20241106,2024-11-06,2024,11,6,2,Wednesday,November,4,2024-11,2024-4
20241107,2024-11-07,2024,11,7,3,Thursday,November,4,2024-11,2024-4
20241108,2024-11-08,2024,11,8,4,Friday,November,4,2024-11,2024-4
20241109,2024-11-09,2024,11,9,5,Saturday,November,4,2024-11,2024-4
20241110,2024-11-10,2024,11,10,6,Sunday,November,4,2024-11,2024-4
20241111,2024-11-11,2024,11,11,0,Monday,November,4,2024-11,2024-4
20241112,2024-11-12,2024,11,12,1,Tuesday,November,4,2024-11,2024-4
20241113,2024-11-13,2024,11,13,2,Wednesday,November,4,2024-11,2024-4
20241114,2024-11-14,2024,11,14,3,Thursday,November,4,2024-11,2024-4
20241115,2024-11-15,2024,11,15,4,Friday,November,4,2024-11,2024-4
20241116,2024-11-16,2024,11,16,5,Saturday,November,4,2024-11,2024-4
20241117,2024-11-17,2024,11,17,6,Sunday,November,4,2024-11,2024-4
20241118,2024-11-18,2024,11,18,0,Monday,November,4,2024-11,2024-4
20241119,2024-11-19,2024,11,19,1,Tuesday,November,4,2024-11,2024-4
20241120,2024-11-20,2024,11,20,2,Wednesday,November,4,2024-11,2024-4
20241121,2024-11-21,2024,11,21,3,Thursday,November,4,2024-11,2024-4
20241122,2024-11-22,2024,11,22,4,Friday,November,4,2024-11,2024-4
20241123,2024-11-23,2024,11,23,5,Saturday,November,4,2024-11,2024-4
20241124,2024-11-24,2024,11,24,6,Sunday,November,4,2024-11,2024-4
20241125,2024-11-25,2024,11,25,0,Monday,November,4,2024-11,2024-4
20241126,2024-11-26,2024,11,26,1,Tuesday,November,4,2024-11,2024-4
20241127,2024-11-27,2024,11,27,2,Wednesday,November,4,2024-11,2024-4
20241128,2024-11-28,2024,11,28,3,Thursday,November,4,2024-11,2024-4
20241129,2024-11-29,2024,11,29,4,Friday,November,4,2024-11,2024-4
20241130,2024-11-30,2024,11,30,5,Saturday,November,4,2024-11,2024-4
20241201,2024-12-01,2024,12,1,6,Sunday,December,4,2024-12,2024-4
20241202,2024-12-02,2024,12,2,0,Monday,December,4,2024-12,2024-4
20241203,2024-12-03,2024,12,3,1,Tuesday,December,4,2024-12,2024-4
20241204,2024-12-04,2024,12,4,2,Wednesday,December,4,2024-12,2024-4
20241205,2024-12-05,2024,12,5,3,Thursday,December,4,2024-12,2024-4
20241206,2024-12-06,2024,12,6,4,Friday,December,4,2024-12,2024-4
20241207,2024-12-07,2024,12,7,5,Saturday,December,4,2024-12,2024-4
20241208,2024-12-08,2024,12,8,6,Sunday,December,4,2024-12,2024-4
20241209,2024-12-09,2024,12,9,0,Monday,December,4,2024-12,2024-4
20241210,2024-12-10,2024,12,10,1,Tuesday,December,4,2024-12,2024-4
20241211,2024-12-11,2024,12,11,2,Wednesday,December,4,2024-12,2024-4
20241212,2024-12-12,2024,12,12,3,Thursday,December,4,2024-12,2024-4
20241213,2024-12-13,2024,12,13,4,Friday,December,4,2024-12,2024-4
20241214,2024-12-14,2024,12,14,5,Saturday,December,4,2024-12,2024-4
20241215,2024-12-15,2024,12,15,6,Sunday,December,4,2024-12,2024-4
20241216,2024-12-16,2024,12,16,0,Monday,December,4,2024-12,2024-4
20241217,2024-12-17,2024,12,17,1,Tuesday,December,4,2024-12,2024-4
20241218,2024-12-18,2024,12,18,2,Wednesday,December,4,2024-12,2024-4
20241219,2024-12-19,2024,12,19,3,Thursday,December,4,2024-12,2024-4
20241220,2024-12-20,2024,12,20,4,Friday,December,4,2024-12,2024-4
20241221,2024-12-21,2024,12,21,5,Saturday,December,4,2024-12,2024-4
20241222,2024-12-22,2024,12,22,6,Sunday,December,4,2024-12,2024-4
20241223,2024-12-23,2024,12,23,0,Monday,December,4,2024-12,2024-4
20241224,2024-12-24,2024,12,24,1,Tuesday,December,4,2024-12,2024-4
20241225,2024-12-25,2024,12,25,2,Wednesday,December,4,2024-12,2024-4
20241226,2024-12-26,2024,12,26,3,Thursday,December,4,2024-12,2024-4
20241227,2024-12-27,2024,12,27,4,Friday,December,4,2024-12,2024-4
20241228,2024-12-28,2024,12,28,5,Saturday,December,4,2024-12,2024-4
20241229,2024-12-29,2024,12,29,6,Sunday,December,4,2024-12,2024-4
20241230,2024-12-30,2024,12,30,0,Monday,December,4,2024-12,2024-4
20241231,2024-12-31,2024,12,31,1,Tuesday,December,4,2024-12,2024-4
20250101,2025-01-01,2025,1,1,2,Wednesday,January,1,2025-1,2025-1
20250102,2025-01-02,2025,1,2,3,Thursday,January,1,2025-1,2025-1
20250103,2025-01-03,2025,1,3,4,Friday,January,1,2025-1,2025-1
20250104,2025-01-04,2025,1,4,5,Saturday,January,1,2025-1,2025-1
20250105,2025-01-05,2025,1,5,6,Sunday,January,1,2025-1,2025-1
20250106,2025-01-06,2025,1,6,0,Monday,January,1,2025-1,2025-1
20250107,2025-01-07,2025,1,7,1,Tuesday,January,1,2025-1,2025-1
20250108,2025-01-08,2025,1,8,2,Wednesday,January,1,2025-1,2025-1
20250109,2025-01-09,2025,1,9,3,Thursday,January,1,2025-1,2025-1
20250110,2025-01-10,2025,1,10,4,Friday,January,1,2025-1,2025-1
20250111,2025-01-11,2025,1,11,5,Saturday,January,1,2025-1,2025-1
20250112,2025-01-12,2025,1,12,6,Sunday,January,1,2025-1,2025-1
20250113,2025-01-13,2025,1,13,0,Monday,January,1,2025-1,2025-1
20250114,2025-01-14,2025,1,14,1,Tuesday,January,1,2025-1,2025-1
20250115,2025-01-15,2025,1,15,2,Wednesday,January,1,2025-1,2025-1
20250116,2025-01-16,2025,1,16,3,Thursday,January,1,2025-1,2025-1
20250117,2025-01-17,2025,1,17,4,Friday,January,1,2025-1,2025-1
20250118,2025-01-18,2025,1,18,5,Saturday,January,1,2025-1,2025-1
20250119,2025-01-19,2025,1,19,6,Sunday,January,1,2025-1,2025-1
20250120,2025-01-20,2025,1,20,0,Monday,January,1,2025-1,2025-1
20250121,2025-01-21,2025,1,21,1,Tuesday,January,1,2025-1,2025-1
20250122,2025-01-22,2025,1,22,2,Wednesday,January,1,2025-1,2025-1
20250123,2025-01-23,2025,1,23,3,Thursday,January,1,2025-1,2025-1
20250124,2025-01-24,2025,1,24,4,Friday,January,1,2025-1,2025-1
20250125,2025-01-25,2025,1,25,5,Saturday,January,1,2025-1,2025-1
20250126,2025-01-26,2025,1,26,6,Sunday,January,1,2025-1,2025-1
20250127,2025-01-27,2025,1,27,0,Monday,January,1,2025-1,2025-1
20250128,2025-01-28,2025,1,28,1,Tuesday,January,1,2025-1,2025-1
20250129,2025-01-29,2025,1,29,2,Wednesday,January,1,2025-1,2025-1
20250130,2025-01-30,2025,1,30,3,Thursday,January,1,2025-1,2025-1
20250131,2025-01-31,2025,1,31,4,Friday,January,1,2025-1,2025-1
20250201,2025-02-01,2025,2,1,5,Saturday,February,1,2025-2,2025-1
20250202,2025-02-02,2025,2,2,6,Sunday,February,1,2025-2,2025-1
20250203,2025-02-03,2025,2,3,0,Monday,February,1,2025-2,2025-1
20250204,2025-02-04,2025,2,4,1,Tuesday,February,1,2025-2,2025-1
20250205,2025-02-05,2025,2,5,2,Wednesday,February,1,2025-2,2025-1
20250206,2025-02-06,2025,2,6,3,Thursday,February,1,2025-2,2025-1
20250207,2025-02-07,2025,2,7,4,Friday,February,1,2025-2,2025-1
20250208,2025-02-08,2025,2,8,5,Saturday,February,1,2025-2,2025-1
20250209,2025-02-09,2025,2,9,6,Sunday,February,1,2025-2,2025-1
20250210,2025-02-10,2025,2,10,0,Monday,February,1,2025-2,2025-1
20250211,2025-02-11,2025,2,11,1,Tuesday,February,1,2025-2,2025-1
20250212,2025-02-12,2025,2,12,2,Wednesday,February,1,2025-2,2025-1
20250213,2025-02-13,2025,2,13,3,Thursday,February,1,2025-2,2025-1
20250214,2025-02-14,2025,2,14,4,Friday,February,1,2025-2,2025-1
20250215,2025-02-15,2025,2,15,5,Saturday,February,1,2025-2,2025-1
20250216,2025-02-16,2025,2,16,6,Sunday,February,1,2025-2,2025-1
20250217,2025-02-17,2025,2,17,0,Monday,February,1,2025-2,2025-1
20250218,2025-02-18,2025,2,18,1,Tuesday,February,1,2025-2,2025-1
20250219,2025-02-19,2025,2,19,2,Wednesday,February,1,2025-2,2025-1
20250220,2025-02-20,2025,2,20,3,Thursday,February,1,2025-2,2025-1
20250221,2025-02-21,2025,2,21,4,Friday,February,1,2025-2,2025-1
20250222,2025-02-22,2025,2,22,5,Saturday,February,1,2025-2,2025-1
20250223,2025-02-23,2025,2,23,6,Sunday,February,1,2025-2,2025-1
20250224,2025-02-24,2025,2,24,0,Monday,February,1,2025-2,2025-1
20250225,2025-02-25,2025,2,25,1,Tuesday,February,1,2025-2,2025-1
20250226,2025-02-26,2025,2,26,2,Wednesday,February,1,2025-2,2025-1
20250227,2025-02-27,2025,2,27,3,Thursday,February,1,2025-2,2025-1
20250228,2025-02-28,2025,2,28,4,Friday,February,1,2025-2,2025-1
20250301,2025-03-01,2025,3,1,5,Saturday,March,1,2025-3,2025-1
20250302,2025-03-02,2025,3,2,6,Sunday,March,1,2025-3,2025-1
20250303,2025-03-03,2025,3,3,0,Monday,March,1,2025-3,2025-1
20250304,2025-03-04,2025,3,4,1,Tuesday,March,1,2025-3,2025-1
20250305,2025-03-05,2025,3,5,2,Wednesday,March,1,2025-3,2025-1
20250306,2025-03-06,2025,3,6,3,Thursday,March,1,2025-3,2025-1
20250307,2025-03-07,2025,3,7,4,Friday,March,1,2025-3,2025-1
20250308,2025-03-08,2025,3,8,5,Saturday,March,1,2025-3,2025-1
20250309,2025-03-09,2025,3,9,6,Sunday,March,1,2025-3,2025-1
20250310,2025-03-10,2025,3,10,0,Monday,March,1,2025-3,2025-1
20250311,2025-03-11,2025,3,11,1,Tuesday,March,1,2025-3,2025-1
20250312,2025-03-12,2025,3,12,2,Wednesday,March,1,2025-3,2025-1
20250313,2025-03-13,2025,3,13,3,Thursday,March,1,2025-3,2025-1
20250314,2025-03-14,2025,3,14,4,Friday,March,1,2025-3,2025-1
20250315,2025-03-15,2025,3,15,5,Saturday,March,1,2025-3,2025-1
20250316,2025-03-16,2025,3,16,6,Sunday,March,1,2025-3,2025-1
20250317,2025-03-17,2025,3,17,0,Monday,March,1,2025-3,2025-1
20250318,2025-03-18,2025,3,18,1,Tuesday,March,1,2025-3,2025-1
20250319,2025-03-19,2025,3,19,2,Wednesday,March,1,2025-3,2025-1
20250320,2025-03-20,2025,3,20,3,Thursday,March,1,2025-3,2025-1
20250321,2025-03-21,2025,3,21,4,Friday,March,1,2025-3,2025-1
20250322,2025-03-22,2025,3,22,5,Saturday,March,1,2025-3,2025-1
20250323,2025-03-23,2025,3,23,6,Sunday,March,1,2025-3,2025-1
20250324,2025-03-24,2025,3,24,0,Monday,March,1,2025-3,2025-1
20250325,2025-03-25,2025,3,25,1,Tuesday,March,1,2025-3,2025-1
20250326,2025-03-26,2025,3,26,2,Wednesday,March,1,2025-3,2025-1
20250327,2025-03-27,2025,3,27,3,Thursday,March,1,2025-3,2025-1
20250328,2025-03-28,2025,3,28,4,Friday,March,1,2025-3,2025-1
20250329,2025-03-29,2025,3,29,5,Saturday,March,1,2025-3,2025-1
20250330,2025-03-30,2025,3,30,6,Sunday,March,1,2025-3,2025-1
20250331,2025-03-31,2025,3,31,0,Monday,March,1,2025-3,2025-1
20250401,2025-04-01,2025,4,1,1,Tuesday,April,2,2025-4,2025-2
20250402,2025-04-02,2025,4,2,2,Wednesday,April,2,2025-4,2025-2
20250403,2025-04-03,2025,4,3,3,Thursday,April,2,2025-4,2025-2
20250404,2025-04-04,2025,4,4,4,Friday,April,2,2025-4,2025-2
20250405,2025-04-05,2025,4,5,5,Saturday,April,2,2025-4,2025-2
20250406,2025-04-06,2025,4,6,6,Sunday,April,2,2025-4,2025-2
20250407,2025-04-07,2025,4,7,0,Monday,April,2,2025-4,2025-2
20250408,2025-04-08,2025,4,8,1,Tuesday,April,2,2025-4,2025-2
20250409,2025-04-09,2025,4,9,2,Wednesday,April,2,2025-4,2025-2
20250410,2025-04-10,2025,4,10,3,Thursday,April,2,2025-4,2025-2
20250411,2025-04-11,2025,4,11,4,Friday,April,2,2025-4,2025-2
20250412,2025-04-12,2025,4,12,5,Saturday,April,2,2025-4,2025-2
20250413,2025-04-13,2025,4,13,6,Sunday,April,2,2025-4,2025-2
20250414,2025-04-14,2025,4,14,0,Monday,April,2,2025-4,2025-2
20250415,2025-04-15,2025,4,15,1,Tuesday,April,2,2025-4,2025-2
20250416,2025-04-16,2025,4,16,2,Wednesday,April,2,2025-4,2025-2
20250417,2025-04-17,2025,4,17,3,Thursday,April,2,2025-4,2025-2
20250418,2025-04-18,2025,4,18,4,Friday,April,2,2025-4,2025-2
20250419,2025-04-19,2025,4,19,5,Saturday,April,2,2025-4,2025-2
20250420,2025-04-20,2025,4,20,6,Sunday,April,2,2025-4,2025-2
20250421,2025-04-21,2025,4,21,0,Monday,April,2,2025-4,2025-2
20250422,2025-04-22,2025,4,22,1,Tuesday,April,2,2025-4,2025-2
20250423,2025-04-23,2025,4,23,2,Wednesday,April,2,2025-4,2025-2
20250424,2025-04-24,2025,4,24,3,Thursday,April,2,2025-4,2025-2
20250425,2025-04-25,2025,4,25,4,Friday,April,2,2025-4,2025-2
20250426,2025-04-26,2025,4,26,5,Saturday,April,2,2025-4,2025-2
20250427,2025-04-27,2025,4,27,6,Sunday,April,2,2025-4,2025-2
20250428,2025-04-28,2025,4,28,0,Monday,April,2,2025-4,2025-2
20250429,2025-04-29,2025,4,29,1,Tuesday,April,2,2025-4,2025-2
20250430,2025-04-30,2025,4,30,2,Wednesday,April,2,2025-4,2025-2
20250501,2025-05-01,2025,5,1,3,Thursday,May,2,2025-5,2025-2
20250502,2025-05-02,2025,5,2,4,Friday,May,2,2025-5,2025-2
20250503,2025-05-03,2025,5,3,5,Saturday,May,2,2025-5,2025-2
20250504,2025-05-04,2025,5,4,6,Sunday,May,2,2025-5,2025-2
20250505,2025-05-05,2025,5,5,0,Monday,May,2,2025-5,2025-2
20250506,2025-05-06,2025,5,6,1,Tuesday,May,2,2025-5,2025-2
20250507,2025-05-07,2025,5,7,2,Wednesday,May,2,2025-5,2025-2
20250508,2025-05-08,2025,5,8,3,Thursday,May,2,2025-5,2025-2
20250509,2025-05-09,2025,5,9,4,Friday,May,2,2025-5,2025-2
20250510,2025-05-10,2025,5,10,5,Saturday,May,2,2025-5,2025-2
20250511,2025-05-11,2025,5,11,6,Sunday,May,2,2025-5,2025-2
20250512,2025-05-12,2025,5,12,0,Monday,May,2,2025-5,2025-2
20250513,2025-05-13,2025,5,13,1,Tuesday,May,2,2025-5,2025-2
20250514,2025-05-14,2025,5,14,2,Wednesday,May,2,2025-5,2025-2
20250515,2025-05-15,2025,5,15,3,Thursday,May,2,2025-5,2025-2
20250516,2025-05-16,2025,5,16,4,Friday,May,2,2025-5,2025-2
20250517,2025-05-17,2025,5,17,5,Saturday,May,2,2025-5,2025-2
20250518,2025-05-18,2025,5,18,6,Sunday,May,2,2025-5,2025-2
20250519,2025-05-19,2025,5,19,0,Monday,May,2,2025-5,2025-2
20250520,2025-05-20,2025,5,20,1,Tuesday,May,2,2025-5,2025-2
20250521,2025-05-21,2025,5,21,2,Wednesday,May,2,2025-5,2025-2
20250522,2025-05-22,2025,5,22,3,Thursday,May,2,2025-5,2025-2
20250523,2025-05-23,2025,5,23,4,Friday,May,2,2025-5,2025-2
20250524,2025-05-24,2025,5,24,5,Saturday,May,2,2025-5,2025-2
20250525,2025-05-25,2025,5,25,6,Sunday,May,2,2025-5,2025-2
20250526,2025-05-26,2025,5,26,0,Monday,May,2,2025-5,2025-2
20250527,2025-05-27,2025,5,27,1,Tuesday,May,2,2025-5,2025-2
20250528,2025-05-28,2025,5,28,2,Wednesday,May,2,2025-5,2025-2
20250529,2025-05-29,2025,5,29,3,Thursday,May,2,2025-5,2025-2
20250530,2025-05-30,2025,5,30,4,Friday,May,2,2025-5,2025-2
20250531,2025-05-31,2025,5,31,5,Saturday,May,2,2025-5,2025-2
20250601,2025-06-01,2025,6,1,6,Sunday,June,2,2025-6,2025-2
20250602,2025-06-02,2025,6,2,0,Monday,June,2,2025-6,2025-2
20250603,2025-06-03,2025,6,3,1,Tuesday,June,2,2025-6,2025-2
20250604,2025-06-04,2025,6,4,2,Wednesday,June,2,2025-6,2025-2
20250605,2025-06-05,2025,6,5,3,Thursday,June,2,2025-6,2025-2
20250606,2025-06-06,2025,6,6,4,Friday,June,2,2025-6,2025-2
20250607,2025-06-07,2025,6,7,5,Saturday,June,2,2025-6,2025-2
20250608,2025-06-08,2025,6,8,6,Sunday,June,2,2025-6,2025-2
20250609,2025-06-09,2025,6,9,0,Monday,June,2,2025-6,2025-2
20250610,2025-06-10,2025,6,10,1,Tuesday,June,2,2025-6,2025-2
20250611,2025-06-11,2025,6,11,2,Wednesday,June,2,2025-6,2025-2
20250612,2025-06-12,2025,6,12,3,Thursday,June,2,2025-6,2025-2
20250613,2025-06-13,2025,6,13,4,Friday,June,2,2025-6,2025-2
20250614,2025-06-14,2025,6,14,5,Saturday,June,2,2025-6,2025-2
20250615,2025-06-15,2025,6,15,6,Sunday,June,2,2025-6,2025-2
20250616,2025-06-16,2025,6,16,0,Monday,June,2,2025-6,2025-2
20250617,2025-06-17,2025,6,17,1,Tuesday,June,2,2025-6,2025-2
20250618,2025-06-18,2025,6,18,2,Wednesday,June,2,2025-6,2025-2
20250619,2025-06-19,2025,6,19,3,Thursday,June,2,2025-6,2025-2
20250620,2025-06-20,2025,6,20,4,Friday,June,2,2025-6,2025-2
20250621,2025-06-21,2025,6,21,5,Saturday,June,2,2025-6,2025-2
20250622,2025-06-22,2025,6,22,6,Sunday,June,2,2025-6,2025-2
20250623,2025-06-23,2025,6,23,0,Monday,June,2,2025-6,2025-2
20250624,2025-06-24,2025,6,24,1,Tuesday,June,2,2025-6,2025-2
20250625,2025-06-25,2025,6,25,2,Wednesday,June,2,2025-6,2025-2
20250626,2025-06-26,2025,6,26,3,Thursday,June,2,2025-6,2025-2
20250627,2025-06-27,2025,6,27,4,Friday,June,2,2025-6,2025-2
20250628,2025-06-28,2025,6,28,5,Saturday,June,2,2025-6,2025-2
20250629,2025-06-29,2025,6,29,6,Sunday,June,2,2025-6,2025-2
20250630,2025-06-30,2025,6,30,0,Monday,June,2,2025-6,2025-2
20250701,2025-07-01,2025,7,1,1,Tuesday,July,3,2025-7,2025-3
20250702,2025-07-02,2025,7,2,2,Wednesday,July,3,2025-7,2025-3
20250703,2025-07-03,2025,7,3,3,Thursday,July,3,2025-7,2025-3
20250704,2025-07-04,2025,7,4,4,Friday,July,3,2025-7,2025-3
20250705,2025-07-05,2025,7,5,5,Saturday,July,3,2025-7,2025-3
20250706,2025-07-06,2025,7,6,6,Sunday,July,3,2025-7,2025-3
20250707,2025-07-07,2025,7,7,0,Monday,July,3,2025-7,2025-3
20250708,2025-07-08,2025,7,8,1,Tuesday,July,3,2025-7,2025-3
20250709,2025-07-09,2025,7,9,2,Wednesday,July,3,2025-7,2025-3
20250710,2025-07-10,2025,7,10,3,Thursday,July,3,2025-7,2025-3
20250711,2025-07-11,2025,7,11,4,Friday,July,3,2025-7,2025-3
20250712,2025-07-12,2025,7,12,5,Saturday,July,3,2025-7,2025-3
20250713,2025-07-13,2025,7,13,6,Sunday,July,3,2025-7,2025-3
20250714,2025-07-14,2025,7,14,0,Monday,July,3,2025-7,2025-3
20250715,2025-07-15,2025,7,15,1,Tuesday,July,3,2025-7,2025-3
20250716,2025-07-16,2025,7,16,2,Wednesday,July,3,2025-7,2025-3
20250717,2025-07-17,2025,7,17,3,Thursday,July,3,2025-7,2025-3
20250718,2025-07-18,2025,7,18,4,Friday,July,3,2025-7,2025-3
20250719,2025-07-19,2025,7,19,5,Saturday,July,3,2025-7,2025-3
20250720,2025-07-20,2025,7,20,6,Sunday,July,3,2025-7,2025-3
20250721,2025-07-21,2025,7,21,0,Monday,July,3,2025-7,2025-3
20250722,2025-07-22,2025,7,22,1,Tuesday,July,3,2025-7,2025-3
20250723,2025-07-23,2025,7,23,2,Wednesday,July,3,2025-7,2025-3
20250724,2025-07-24,2025,7,24,3,Thursday,July,3,2025-7,2025-3
20250725,2025-07-25,2025,7,25,4,Friday,July,3,2025-7,2025-3
20250726,2025-07-26,2025,7,26,5,Saturday,July,3,2025-7,2025-3
20250727,2025-07-27,2025,7,27,6,Sunday,July,3,2025-7,2025-3
20250728,2025-07-28,2025,7,28,0,Monday,July,3,2025-7,2025-3
20250729,2025-07-29,2025,7,29,1,Tuesday,July,3,2025-7,2025-3
20250730,2025-07-30,2025,7,30,2,Wednesday,July,3,2025-7,2025-3
20250731,2025-07-31,2025,7,31,3,Thursday,July,3,2025-7,2025-3
20250801,2025-08-01,2025,8,1,4,Friday,August,3,2025-8,2025-3
20250802,2025-08-02,2025,8,2,5,Saturday,August,3,2025-8,2025-3
20250803,2025-08-03,2025,8,3,6,Sunday,August,3,2025-8,2025-3
20250804,2025-08-04,2025,8,4,0,Monday,August,3,2025-8,2025-3
20250805,2025-08-05,2025,8,5,1,Tuesday,August,3,2025-8,2025-3
20250806,2025-08-06,2025,8,6,2,Wednesday,August,3,2025-8,2025-3
20250807,2025-08-07,2025,8,7,3,Thursday,August,3,2025-8,2025-3
20250808,2025-08-08,2025,8,8,4,Friday,August,3,2025-8,2025-3
20250809,2025-08-09,2025,8,9,5,Saturday,August,3,2025-8,2025-3
20250810,2025-08-10,2025,8,10,6,Sunday,August,3,2025-8,2025-3
20250811,2025-08-11,2025,8,11,0,Monday,August,3,2025-8,2025-3
20250812,2025-08-12,2025,8,12,1,Tuesday,August,3,2025-8,2025-3
20250813,2025-08-13,2025,8,13,2,Wednesday,August,3,2025-8,2025-3
20250814,2025-08-14,2025,8,14,3,Thursday,August,3,2025-8,2025-3
20250815,2025-08-15,2025,8,15,4,Friday,August,3,2025-8,2025-3
20250816,2025-08-16,2025,8,16,5,Saturday,August,3,2025-8,2025-3
20250817,2025-08-17,2025,8,17,6,Sunday,August,3,2025-8,2025-3
20250818,2025-08-18,2025,8,18,0,Monday,August,3,2025-8,2025-3
20250819,2025-08-19,2025,8,19,1,Tuesday,August,3,2025-8,2025-3
20250820,2025-08-20,2025,8,20,2,Wednesday,August,3,2025-8,2025-3
20250821,2025-08-21,2025,8,21,3,Thursday,August,3,2025-8,2025-3
20250822,2025-08-22,2025,8,22,4,Friday,August,3,2025-8,2025-3
20250823,2025-08-23,2025,8,23,5,Saturday,August,3,2025-8,2025-3
20250824,2025-08-24,2025,8,24,6,Sunday,August,3,2025-8,2025-3
20250825,2025-08-25,2025,8,25,0,Monday,August,3,2025-8,2025-3
20250826,2025-08-26,2025,8,26,1,Tuesday,August,3,2025-8,2025-3
20250827,2025-08-27,2025,8,27,2,Wednesday,August,3,2025-8,2025-3
20250828,2025-08-28,2025,8,28,3,Thursday,August,3,2025-8,2025-3
20250829,2025-08-29,2025,8,29,4,Friday,August,3,2025-8,2025-3
20250830,2025-08-30,2025,8,30,5,Saturday,August,3,2025-8,2025-3
20250831,2025-08-31,2025,8,31,6,Sunday,August,3,2025-8,2025-3
20250901,2025-09-01,2025,9,1,0,Monday,September,3,2025-9,2025-3
20250902,2025-09-02,2025,9,2,1,Tuesday,September,3,2025-9,2025-3
20250903,2025-09-03,2025,9,3,2,Wednesday,September,3,2025-9,2025-3
20250904,2025-09-04,2025,9,4,3,Thursday,September,3,2025-9,2025-3
20250905,2025-09-05,2025,9,5,4,Friday,September,3,2025-9,2025-3
20250906,2025-09-06,2025,9,6,5,Saturday,September,3,2025-9,2025-3
20250907,2025-09-07,2025,9,7,6,Sunday,September,3,2025-9,2025-3
20250908,2025-09-08,2025,9,8,0,Monday,September,3,2025-9,2025-3
20250909,2025-09-09,2025,9,9,1,Tuesday,September,3,2025-9,2025-3
20250910,2025-09-10,2025,9,10,2,Wednesday,September,3,2025-9,2025-3
20250911,2025-09-11,2025,9,11,3,Thursday,September,3,2025-9,2025-3
20250912,2025-09-12,2025,9,12,4,Friday,September,3,2025-9,2025-3
20250913,2025-09-13,2025,9,13,5,Saturday,September,3,2025-9,2025-3
20250914,2025-09-14,2025,9,14,6,Sunday,September,3,2025-9,2025-3
20250915,2025-09-15,2025,9,15,0,Monday,September,3,2025-9,2025-3
20250916,2025-09-16,2025,9,16,1,Tuesday,September,3,2025-9,2025-3
20250917,2025-09-17,2025,9,17,2,Wednesday,September,3,2025-9,2025-3
20250918,2025-09-18,2025,9,18,3,Thursday,September,3,2025-9,2025-3
20250919,2025-09-19,2025,9,19,4,Friday,September,3,2025-9,2025-3
20250920,2025-09-20,2025,9,20,5,Saturday,September,3,2025-9,2025-3
20250921,2025-09-21,2025,9,21,6,Sunday,September,3,2025-9,2025-3
20250922,2025-09-22,2025,9,22,0,Monday,September,3,2025-9,2025-3
20250923,2025-09-23,2025,9,23,1,Tuesday,September,3,2025-9,2025-3
20250924,2025-09-24,2025,9,24,2,Wednesday,September,3,2025-9,2025-3
20250925,2025-09-25,2025,9,25,3,Thursday,September,3,2025-9,2025-3
20250926,2025-09-26,2025,9,26,4,Friday,September,3,2025-9,2025-3
20250927,2025-09-27,2025,9,27,5,Saturday,September,3,2025-9,2025-3
20250928,2025-09-28,2025,9,28,6,Sunday,September,3,2025-9,2025-3
20250929,2025-09-29,2025,9,29,0,Monday,September,3,2025-9,2025-3
20250930,2025-09-30,2025,9,30,1,Tuesday,September,3,2025-9,2025-3
20251001,2025-10-01,2025,10,1,2,Wednesday,October,4,2025-10,2025-4
20251002,2025-10-02,2025,10,2,3,Thursday,October,4,2025-10,2025-4
20251003,2025-10-03,2025,10,3,4,Friday,October,4,2025-10,2025-4
20251004,2025-10-04,2025,10,4,5,Saturday,October,4,2025-10,2025-4
20251005,2025-10-05,2025,10,5,6,Sunday,October,4,2025-10,2025-4
20251006,2025-10-06,2025,10,6,0,Monday,October,4,2025-10,2025-4
20251007,2025-10-07,2025,10,7,1,Tuesday,October,4,2025-10,2025-4
20251008,2025-10-08,2025,10,8,2,Wednesday,October,4,2025-10,2025-4
20251009,2025-10-09,2025,10,9,3,Thursday,October,4,2025-10,2025-4
20251010,2025-10-10,2025,10,10,4,Friday,October,4,2025-10,2025-4
20251011,2025-10-11,2025,10,11,5,Saturday,October,4,2025-10,2025-4
20251012,2025-10-12,2025,10,12,6,Sunday,October,4,2025-10,2025-4
20251013,2025-10-13,2025,10,13,0,Monday,October,4,2025-10,2025-4
20251014,2025-10-14,2025,10,14,1,Tuesday,October,4,2025-10,2025-4
20251015,2025-10-15,2025,10,15,2,Wednesday,October,4,2025-10,2025-4
20251016,2025-10-16,2025,10,16,3,Thursday,October,4,2025-10,2025-4
20251017,2025-10-17,2025,10,17,4,Friday,October,4,2025-10,2025-4
20251018,2025-10-18,2025,10,18,5,Saturday,October,4,2025-10,2025-4
20251019,2025-10-19,2025,10,19,6,Sunday,October,4,2025-10,2025-4
20251020,2025-10-20,2025,10,20,0,Monday,October,4,2025-10,2025-4
20251021,2025-10-21,2025,10,21,1,Tuesday,October,4,2025-10,2025-4
20251022,2025-10-22,2025,10,22,2,Wednesday,October,4,2025-10,2025-4
20251023,2025-10-23,2025,10,23,3,Thursday,October,4,2025-10,2025-4
20251024,2025-10-24,2025,10,24,4,Friday,October,4,2025-10,2025-4
20251025,2025-10-25,2025,10,25,5,Saturday,October,4,2025-10,2025-4
20251026,2025-10-26,2025,10,26,6,Sunday,October,4,2025-10,2025-4
20251027,2025-10-27,2025,10,27,0,Monday,October,4,2025-10,2025-4
20251028,2025-10-28,2025,10,28,1,Tuesday,October,4,2025-10,2025-4
20251029,2025-10-29,2025,10,29,2,Wednesday,October,4,2025-10,2025-4
20251030,2025-10-30,2025,10,30,3,Thursday,October,4,2025-10,2025-4
20251031,2025-10-31,2025,10,31,4,Friday,October,4,2025-10,2025-4
20251101,2025-11-01,2025,11,1,5,Saturday,November,4,2025-11,2025-4
20251102,2025-11-02,2025,11,2,6,Sunday,November,4,2025-11,2025-4
20251103,2025-11-03,2025,11,3,0,Monday,November,4,2025-11,2025-4
20251104,2025-11-04,2025,11,4,1,Tuesday,November,4,2025-11,2025-4
20251105,2025-11-05,2025,11,5,2,Wednesday,November,4,2025-11,2025-4
20251106,2025-11-06,2025,11,6,3,Thursday,November,4,2025-11,2025-4
20251107,2025-11-07,2025,11,7,4,Friday,November,4,2025-11,2025-4
20251108,2025-11-08,2025,11,8,5,Saturday,November,4,2025-11,2025-4
20251109,2025-11-09,2025,11,9,6,Sunday,November,4,2025-11,2025-4
20251110,2025-11-10,2025,11,10,0,Monday,November,4,2025-11,2025-4
20251111,2025-11-11,2025,11,11,1,Tuesday,November,4,2025-11,2025-4
20251112,2025-11-12,2025,11,12,2,Wednesday,November,4,2025-11,2025-4
20251113,2025-11-13,2025,11,13,3,Thursday,November,4,2025-11,2025-4
20251114,2025-11-14,2025,11,14,4,Friday,November,4,2025-11,2025-4
20251115,2025-11-15,2025,11,15,5,Saturday,November,4,2025-11,2025-4
20251116,2025-11-16,2025,11,16,6,Sunday,November,4,2025-11,2025-4
20251117,2025-11-17,2025,11,17,0,Monday,November,4,2025-11,2025-4
20251118,2025-11-18,2025,11,18,1,Tuesday,November,4,2025-11,2025-4
20251119,2025-11-19,2025,11,19,2,Wednesday,November,4,2025-11,2025-4
20251120,2025-11-20,2025,11,20,3,Thursday,November,4,2025-11,2025-4
20251121,2025-11-21,2025,11,21,4,Friday,November,4,2025-11,2025-4
20251122,2025-11-22,2025,11,22,5,Saturday,November,4,2025-11,2025-4
20251123,2025-11-23,2025,11,23,6,Sunday,November,4,2025-11,2025-4
20251124,2025-11-24,2025,11,24,0,Monday,November,4,2025-11,2025-4
20251125,2025-11-25,2025,11,25,1,Tuesday,November,4,2025-11,2025-4
20251126,2025-11-26,2025,11,26,2,Wednesday,November,4,2025-11,2025-4
20251127,2025-11-27,2025,11,27,3,Thursday,November,4,2025-11,2025-4
20251128,2025-11-28,2025,11,28,4,Friday,November,4,2025-11,2025-4
20251129,2025-11-29,2025,11,29,5,Saturday,November,4,2025-11,2025-4
20251130,2025-11-30,2025,11,30,6,Sunday,November,4,2025-11,2025-4
20251201,2025-12-01,2025,12,1,0,Monday,December,4,2025-12,2025-4
20251202,2025-12-02,2025,12,2,1,Tuesday,December,4,2025-12,2025-4
20251203,2025-12-03,2025,12,3,2,Wednesday,December,4,2025-12,2025-4
20251204,2025-12-04,2025,12,4,3,Thursday,December,4,2025-12,2025-4
20251205,2025-12-05,2025,12,5,4,Friday,December,4,2025-12,2025-4
20251206,2025-12-06,2025,12,6,5,Saturday,December,4,2025-12,2025-4
20251207,2025-12-07,2025,12,7,6,Sunday,December,4,2025-12,2025-4
20251208,2025-12-08,2025,12,8,0,Monday,December,4,2025-12,2025-4
20251209,2025-12-09,2025,12,9,1,Tuesday,December,4,2025-12,2025-4
20251210,2025-12-10,2025,12,10,2,Wednesday,December,4,2025-12,2025-4
20251211,2025-12-11,2025,12,11,3,Thursday,December,4,2025-12,2025-4
20251212,2025-12-12,2025,12,12,4,Friday,December,4,2025-12,2025-4
20251213,2025-12-13,2025,12,13,5,Saturday,December,4,2025-12,2025-4
20251214,2025-12-14,2025,12,14,6,Sunday,December,4,2025-12,2025-4
20251215,2025-12-15,2025,12,15,0,Monday,December,4,2025-12,2025-4
20251216,2025-12-16,2025,12,16,1,Tuesday,December,4,2025-12,2025-4
20251217,2025-12-17,2025,12,17,2,Wednesday,December,4,2025-12,2025-4
20251218,2025-12-18,2025,12,18,3,Thursday,December,4,2025-12,2025-4
20251219,2025-12-19,2025,12,19,4,Friday,December,4,2025-12,2025-4
20251220,2025-12-20,2025,12,20,5,Saturday,December,4,2025-12,2025-4
20251221,2025-12-21,2025,12,21,6,Sunday,December,4,2025-12,2025-4
20251222,2025-12-22,2025,12,22,0,Monday,December,4,2025-12,2025-4
20251223,2025-12-23,2025,12,23,1,Tuesday,December,4,2025-12,2025-4
20251224,2025-12-24,2025,12,24,2,Wednesday,December,4,2025-12,2025-4
20251225,2025-12-25,2025,12,25,3,Thursday,December,4,2025-12,2025-4
20251226,2025-12-26,2025,12,26,4,Friday,December,4,2025-12,2025-4
20251227,2025-12-27,2025,12,27,5,Saturday,December,4,2025-12,2025-4
20251228,2025-12-28,2025,12,28,6,Sunday,December,4,2025-12,2025-4
20251229,2025-12-29,2025,12,29,0,Monday,December,4,2025-12,2025-4
20251230,2025-12-30,2025,12,30,1,Tuesday,December,4,2025-12,2025-4
20251231,2025-12-31,2025,12,31,2,Wednesday,December,4,2025-12,2025-4
