16051	269	1	98	0.99	2022-01-29 04:58:52.222594+03
16065	274	1	147	2.99	2022-01-25 15:14:16.895377+03
16109	297	2	143	0.99	2022-01-28 03:49:49.128218+03
16195	344	2	157	2.99	2022-01-31 08:58:51.176578+03
16202	348	2	821	0.99	2022-01-26 19:52:41.359433+03
16216	357	2	945	0.99	2022-01-24 03:39:09.052005+03
16237	369	1	31	4.99	2022-01-31 03:12:16.422091+03
16247	372	1	617	2.99	2022-01-29 15:51:46.565326+03
16249	373	2	257	4.99	2022-01-29 08:33:33.142744+03
16259	379	2	209	4.99	2022-01-31 02:02:06.818362+03
16295	397	2	1002	0.99	2022-01-28 16:25:14.841952+03
16318	409	1	310	6.99	2022-01-25 04:57:07.766857+03
16320	411	2	972	1.99	2022-01-31 14:12:57.610606+03
16331	416	2	724	3.99	2022-01-24 07:59:03.204053+03
16336	419	1	62	2.99	2022-01-29 12:48:28.376954+03
16354	432	2	326	7.99	2022-01-28 04:42:25.075477+03
16365	437	1	192	2.99	2022-01-24 20:03:14.157666+03
16367	437	1	666	5.99	2022-01-30 01:26:14.302644+03
16405	457	2	1024	7.99	2022-01-25 07:27:19.820601+03
16416	464	2	373	1.99	2022-01-27 02:25:52.226731+03
16420	468	2	101	6.99	2022-01-28 23:21:03.857629+03
16463	489	2	513	2.99	2022-01-28 07:47:04.957501+03
16518	515	2	187	8.99	2022-01-29 11:03:30.047386+03
16536	528	2	472	0.99	2022-01-26 06:43:15.130965+03
16571	546	1	197	5.99	2022-01-26 07:40:52.164582+03
16580	549	2	852	4.99	2022-01-31 20:59:37.587453+03
16635	582	1	281	0.99	2022-01-26 09:24:18.457849+03
16654	594	1	1045	6.99	2022-01-30 07:32:24.000007+03
16665	203	1	314	0.99	2022-01-28 03:22:36.913361+03
16681	3	1	830	2.99	2022-01-23 20:24:52.109704+03
16684	5	1	1142	1.99	2022-01-27 13:15:27.766413+03
16706	16	1	335	3.99	2022-01-23 23:35:04.736603+03
16721	19	2	696	2.99	2022-01-24 07:55:04.465099+03
16725	21	1	260	3.99	2022-01-23 22:39:48.15808+03
16726	21	2	463	3.99	2022-01-28 02:12:57.558291+03
16804	58	1	230	0.99	2022-01-28 07:32:46.647228+03
16810	60	1	318	4.99	2022-01-29 04:46:18.217762+03
16817	64	1	587	0.99	2022-01-29 07:52:32.288355+03
16825	69	2	765	1.99	2022-01-29 07:38:06.311495+03
16840	77	1	419	1.99	2022-01-29 09:27:31.455384+03
16850	83	2	222	0.99	2022-02-01 01:15:03.268858+03
16851	83	2	950	0.99	2022-01-31 23:32:34.114471+03
16861	88	2	36	2.99	2022-01-24 05:45:54.820069+03
16966	146	2	762	7.99	2022-01-25 14:58:02.01874+03
16980	154	2	865	7.99	2022-01-27 07:34:41.615317+03
17021	174	1	41	5.99	2022-01-26 21:33:16.330945+03
17025	176	1	553	3.99	2022-01-29 17:58:04.749257+03
17091	217	2	828	2.99	2022-01-26 09:36:40.672488+03
17095	220	1	480	3.99	2022-01-27 02:02:27.359434+03
17102	223	2	524	2.99	2022-01-23 18:28:46.388149+03
17135	241	1	627	7.99	2022-01-29 20:46:57.785609+03
17201	266	1	86	1.99	2022-01-28 21:58:02.018945+03
17270	284	1	1171	0.99	2022-01-25 04:27:54.217882+03
17274	285	2	1302	3.99	2022-01-29 09:02:18.549386+03
17276	286	1	1690	8.99	2022-01-28 19:14:04.070713+03
17291	290	2	1496	4.99	2022-01-25 04:07:53.953561+03
17298	292	2	2258	3.99	2022-01-29 22:21:55.755158+03
17303	293	2	1860	4.99	2022-01-28 02:10:40.988978+03
17311	295	1	1328	2.99	2022-01-23 21:20:08.440348+03
17313	295	1	2054	2.99	2022-01-23 16:43:42.505434+03
17315	295	1	2638	1.99	2022-01-30 01:23:14.790339+03
17347	303	1	3107	2.99	2022-01-30 04:50:21.310571+03
17351	304	2	2902	4.99	2022-01-25 01:49:48.948734+03
17403	318	2	3376	7.99	2022-01-29 13:47:43.644651+03
17421	322	1	2983	7.99	2022-01-25 22:07:24.992406+03
17423	322	2	3413	8.99	2022-01-28 08:07:02.442022+03
17454	329	2	3053	0.99	2022-01-31 10:03:12.9492+03
17464	333	1	1667	2.99	2022-01-30 11:25:30.189577+03
17489	339	2	1432	3.99	2022-01-24 18:07:12.87389+03
17490	339	1	1536	4.99	2022-01-26 08:32:55.01393+03
17495	340	1	1697	3.99	2022-01-31 14:10:25.800622+03
17508	341	1	3382	5.99	2022-01-30 15:39:17.919738+03
17579	360	2	1492	0.99	2022-01-26 17:24:50.296376+03
17608	366	2	2214	0.99	2022-01-26 04:43:22.116339+03
17615	368	2	3275	4.99	2022-01-26 13:19:47.778411+03
17684	385	1	3105	0.99	2022-01-30 01:01:24.157019+03
17685	386	2	1585	3.99	2022-01-26 18:38:44.367328+03
17717	392	2	2890	4.99	2022-01-31 03:41:09.532292+03
17737	398	2	3141	9.99	2022-01-24 15:31:08.469382+03
17783	411	2	1997	2.99	2022-01-28 06:05:52.012455+03
17819	424	1	3166	6.99	2022-01-27 04:45:01.808857+03
17824	426	1	2204	2.99	2022-01-25 10:28:48.956372+03
17857	434	1	1225	0.99	2022-01-30 13:17:40.134298+03
17869	437	2	3265	2.99	2022-01-28 12:13:39.904168+03
17871	438	2	1779	0.99	2022-01-25 05:32:26.207845+03
17880	439	1	2992	2.99	2022-01-25 22:12:35.124342+03
17911	449	1	2348	0.99	2022-01-23 18:20:02.390905+03
17916	450	2	2278	0.99	2022-01-31 12:18:37.530517+03
17920	451	1	1202	0.99	2022-01-31 03:33:53.515156+03
17922	451	1	1940	6.99	2022-01-31 23:19:41.053708+03
17936	453	2	2887	4.99	2022-01-24 04:35:12.665382+03
17938	454	2	1844	7.99	2022-01-25 12:54:51.36445+03
17950	455	2	2356	0.99	2022-01-31 10:22:13.073352+03
17959	457	2	1727	0.99	2022-01-24 00:26:40.481358+03
17963	457	1	2762	3.99	2022-01-26 18:52:06.066477+03
17974	459	2	3045	0.99	2022-01-26 16:35:07.808117+03
17985	463	1	3309	4.99	2022-01-24 20:42:39.997128+03
18003	468	1	1821	2.99	2022-01-25 22:14:02.390989+03
18005	468	2	2462	4.99	2022-01-29 21:30:23.234361+03
18038	478	2	2358	4.99	2022-01-29 12:04:26.187969+03
18076	489	1	2802	4.99	2022-01-27 21:48:13.833307+03
18102	497	2	2818	4.99	2022-01-24 15:32:43.466888+03
18113	500	1	1375	5.99	2022-01-28 07:06:57.113409+03
18136	506	2	2824	6.99	2022-01-31 01:54:20.047456+03
18159	513	2	2290	7.99	2022-01-24 23:49:35.843508+03
18160	513	2	2737	1.99	2022-01-24 22:44:51.809898+03
18173	516	2	1159	4.99	2022-01-30 02:37:02.900724+03
18198	523	2	1729	6.99	2022-01-29 01:25:38.508245+03
18241	535	1	1712	4.99	2022-01-29 08:58:55.481946+03
18277	546	2	1403	0.99	2022-01-24 06:06:27.214668+03
18317	559	1	2706	0.99	2022-01-28 19:19:35.594334+03
18328	561	1	2950	4.99	2022-01-27 21:57:32.453461+03
18386	576	1	2651	3.99	2022-01-26 13:47:47.387881+03
18401	581	1	2137	4.99	2022-01-24 00:55:59.088886+03
18468	202	1	1474	2.99	2022-01-31 01:45:24.899702+03
18471	202	2	3148	0.99	2022-01-30 00:46:30.676485+03
18506	3	1	2628	2.99	2022-01-26 04:58:25.925938+03
18526	7	1	3007	0.99	2022-01-29 12:59:18.31734+03
18532	10	1	1801	4.99	2022-01-28 05:03:15.345708+03
18541	12	2	2434	5.99	2022-01-23 19:29:32.179976+03
18544	12	2	3135	2.99	2022-01-30 17:39:52.5628+03
18577	22	1	3419	2.99	2022-01-31 11:52:10.794939+03
18579	23	1	2827	0.99	2022-01-30 23:09:06.917455+03
18580	23	1	3015	5.99	2022-01-26 09:07:04.040097+03
18619	29	2	2923	2.99	2022-01-26 00:41:54.235054+03
18622	30	2	1895	2.99	2022-01-30 17:18:57.334688+03
18683	45	2	2722	4.99	2022-01-29 22:28:49.624839+03
18701	49	2	1777	6.99	2022-01-29 15:27:18.035445+03
18734	57	2	2910	7.99	2022-01-31 15:32:20.581604+03
18750	62	1	3327	3.99	2022-01-30 03:22:15.955736+03
18770	68	2	2662	4.99	2022-01-31 20:24:13.637965+03
18771	68	1	2686	2.99	2022-01-30 15:37:08.915745+03
18837	86	1	2518	4.99	2022-01-23 23:13:05.618859+03
18847	88	1	2878	2.99	2022-01-29 01:32:01.846378+03
18857	91	1	2457	3.99	2022-01-31 16:29:22.157965+03
18860	92	2	2084	4.99	2022-01-26 00:52:26.595086+03
18918	108	2	1372	4.99	2022-01-30 04:01:07.306069+03
18920	108	1	2061	8.99	2022-01-25 01:31:23.915378+03
18921	108	1	2210	2.99	2022-01-29 22:35:47.175956+03
18924	109	2	1891	3.99	2022-01-25 10:41:11.189764+03
18929	111	1	1593	6.99	2022-01-29 22:14:49.242691+03
19008	130	1	2982	6.99	2022-01-25 01:43:06.046054+03
19009	131	1	1646	9.99	2022-01-26 12:34:23.882543+03
19045	141	2	2895	7.99	2022-01-26 01:37:06.81039+03
19085	150	2	3187	1.99	2022-01-26 14:17:47.357714+03
19086	150	1	3456	5.99	2022-01-27 17:39:07.386127+03
19116	160	2	2314	4.99	2022-01-23 21:59:33.993546+03
19119	161	1	1856	2.99	2022-01-25 05:06:37.90564+03
19121	162	2	1339	4.99	2022-01-27 21:53:56.962439+03
19141	167	1	1416	3.99	2022-01-27 23:14:47.743417+03
19156	172	2	1507	0.99	2022-01-23 16:57:04.087741+03
19163	173	1	3336	4.99	2022-01-27 02:12:03.475988+03
19167	174	2	3446	1.99	2022-01-26 22:26:32.324719+03
19171	176	1	1741	7.99	2022-01-23 21:47:31.765476+03
19173	176	1	2181	8.99	2022-01-29 15:32:26.254296+03
19183	178	1	1292	6.99	2022-01-26 16:46:39.760658+03
19188	178	1	2293	4.99	2022-01-27 05:49:56.776826+03
19194	180	1	2798	2.99	2022-01-23 16:24:17.906429+03
19202	182	1	2234	0.99	2022-01-31 18:17:31.897094+03
19205	183	2	2471	5.99	2022-01-29 21:06:54.125709+03
19209	185	1	2459	4.99	2022-01-25 05:05:27.650997+03
19230	189	1	1834	0.99	2022-01-31 00:09:05.643079+03
19234	190	1	1319	2.99	2022-01-30 18:13:26.743955+03
19264	196	2	3342	4.99	2022-01-26 14:24:38.200167+03
19275	199	1	1910	2.99	2022-01-30 05:54:01.728728+03
19299	212	1	1637	2.99	2022-01-29 15:58:26.783939+03
19319	216	2	1461	6.99	2022-01-31 03:42:08.422833+03
19380	234	2	3199	4.99	2022-01-25 11:09:06.587413+03
19386	236	2	2311	6.99	2022-01-28 02:04:37.87377+03
19423	244	2	2955	3.99	2022-01-26 03:50:42.270317+03
19456	254	1	2138	2.99	2022-01-31 19:16:57.901794+03
19466	256	1	2380	6.99	2022-01-29 20:33:47.014561+03
19480	260	2	2040	2.99	2022-01-28 13:12:32.718181+03
19539	269	2	10566	2.99	2022-01-29 16:58:56.641347+03
19564	271	1	12219	4.99	2022-01-30 16:48:07.053308+03
19576	273	1	10753	3.99	2022-01-30 11:46:35.34433+03
19641	277	2	14745	4.99	2022-01-31 21:49:34.590337+03
19653	278	2	14803	0.99	2022-01-24 10:45:02.491429+03
19667	279	1	14789	4.99	2022-01-26 12:48:44.562268+03
19693	283	1	15837	2.99	2022-01-30 02:21:10.158804+03
19708	285	2	12687	9.99	2022-01-27 21:13:36.930059+03
19715	286	2	13635	5.99	2022-01-24 20:39:54.179259+03
19749	289	2	14729	4.99	2022-01-31 04:39:25.058984+03
19789	294	2	14630	7.99	2022-01-30 15:39:09.641986+03
19802	296	2	13471	2.99	2022-01-30 03:46:22.908088+03
19814	297	1	11784	0.99	2022-01-27 00:25:50.413534+03
19820	297	2	15582	2.99	2022-01-29 05:20:32.774683+03
19877	303	1	15511	3.99	2022-01-26 09:19:36.155054+03
19905	306	1	13996	4.99	2022-01-30 04:34:03.758248+03
19921	308	1	12590	6.99	2022-01-27 04:56:21.534079+03
19995	317	1	14032	5.99	2022-01-25 18:10:20.008222+03
20022	322	2	11120	4.99	2022-01-30 00:00:05.770319+03
20041	324	2	12543	2.99	2022-01-27 17:55:53.526755+03
20108	331	1	15521	2.99	2022-01-25 01:26:45.22042+03
20118	333	2	10844	4.99	2022-01-28 17:20:42.924392+03
20130	334	2	10997	7.99	2022-01-25 09:39:06.150092+03
20185	339	2	14758	3.99	2022-01-24 21:02:43.296998+03
20187	340	1	10667	8.99	2022-01-31 00:06:49.580668+03
20203	341	2	13059	0.99	2022-01-26 10:17:47.311835+03
20222	342	2	14299	0.99	2022-01-26 05:41:21.753457+03
20235	344	2	13014	4.99	2022-01-28 03:05:46.433252+03
20238	344	2	14624	0.99	2022-01-31 18:12:46.449162+03
20273	348	2	13238	2.99	2022-01-29 23:10:32.406455+03
20294	350	2	11692	6.99	2022-01-29 08:30:47.589021+03
20298	350	2	13086	0.99	2022-01-24 07:24:26.124005+03
20306	351	2	15712	2.99	2022-01-26 14:45:14.236888+03
20307	351	1	15762	2.99	2022-01-25 00:06:57.697542+03
20321	353	1	15564	1.99	2022-01-24 23:33:37.771799+03
20341	356	2	12037	4.99	2022-01-27 09:40:06.152386+03
20348	356	2	15754	5.99	2022-01-24 04:20:01.872735+03
20374	360	2	12088	5.99	2022-01-27 20:32:01.588751+03
20384	361	2	11031	5.99	2022-01-25 00:38:06.105772+03
20404	362	1	14808	4.99	2022-01-30 10:02:05.956403+03
20459	368	2	13963	1.99	2022-01-31 02:00:01.348328+03
20496	372	2	13871	8.99	2022-01-31 11:40:19.131294+03
20514	373	2	13467	2.99	2022-01-28 12:47:03.737176+03
20523	374	2	15053	5.99	2022-01-24 07:58:04.961672+03
20635	386	1	10572	4.99	2022-01-28 15:00:15.770933+03
20682	390	2	13546	3.99	2022-01-31 22:56:46.127963+03
20730	395	1	15698	2.99	2022-01-29 15:46:31.854989+03
20732	395	1	15970	4.99	2022-01-29 06:28:05.576935+03
20753	397	2	14100	3.99	2022-01-30 13:21:05.287972+03
20755	397	1	15083	6.99	2022-01-28 07:43:40.815687+03
20761	399	2	10654	2.99	2022-01-29 15:14:06.63989+03
20768	399	1	15468	4.99	2022-01-26 06:04:31.794521+03
20791	402	1	15428	4.99	2022-01-27 20:24:48.640077+03
20794	403	2	10789	2.99	2022-01-31 07:39:28.343408+03
20797	403	2	11427	2.99	2022-01-30 16:14:43.67663+03
20824	405	1	13398	0.99	2022-01-28 18:20:35.676204+03
20861	409	2	12830	0.99	2022-01-26 13:53:40.524884+03
20862	409	1	13392	8.99	2022-01-30 20:23:02.625939+03
20864	409	1	14103	1.99	2022-01-25 05:31:27.967407+03
20923	415	2	12128	5.99	2022-01-25 22:35:32.519711+03
20934	416	1	11557	6.99	2022-01-28 19:39:26.875461+03
20951	417	1	14304	6.99	2022-01-27 12:48:07.413642+03
20972	419	1	10372	2.99	2022-01-26 12:48:23.333497+03
20998	422	1	11658	2.99	2022-01-30 11:33:04.810743+03
21013	423	2	14191	6.99	2022-01-26 11:07:23.399941+03
21105	435	1	14765	1.99	2022-01-30 05:23:45.220535+03
21113	436	2	12429	6.99	2022-01-30 11:06:45.10296+03
21157	440	2	14863	7.99	2022-01-26 05:20:28.760933+03
21167	442	2	10365	6.99	2022-01-30 12:48:05.397811+03
21230	447	2	16032	4.99	2022-01-25 13:25:32.517873+03
21267	451	2	13252	2.99	2022-01-29 22:13:41.101657+03
21271	451	2	14500	0.99	2022-01-26 23:02:28.314185+03
21280	452	1	15909	0.99	2022-01-29 08:46:46.447694+03
21342	459	1	12527	6.99	2022-01-31 23:29:53.534165+03
21370	461	1	15067	2.99	2022-01-24 22:48:05.318601+03
21372	461	1	15336	6.99	2022-01-25 05:18:08.363636+03
21416	466	1	12048	7.99	2022-01-31 06:06:18.951835+03
21422	466	1	16005	7.99	2022-01-24 18:12:40.657792+03
21437	468	2	13221	3.99	2022-01-31 23:10:47.559735+03
21466	470	2	11711	2.99	2022-01-31 08:47:10.309293+03
21490	472	2	13188	8.99	2022-01-30 22:23:12.717717+03
21498	473	1	11216	4.99	2022-01-23 23:41:57.706703+03
21502	473	2	13984	4.99	2022-01-25 07:42:00.671408+03
21546	478	2	15188	4.99	2022-01-24 06:57:26.18962+03
21635	489	2	11119	9.99	2022-01-24 22:49:14.983437+03
21643	489	1	15205	0.99	2022-01-29 15:57:38.091077+03
21670	493	1	15490	6.99	2022-01-24 19:53:08.087622+03
21673	494	1	10623	2.99	2022-01-28 21:21:54.64425+03
21705	497	1	15362	5.99	2022-01-26 02:11:21.849622+03
21734	501	2	11393	4.99	2022-01-27 06:34:50.010479+03
21769	504	2	10509	3.99	2022-01-28 15:32:22.776205+03
21801	507	2	12275	4.99	2022-01-31 17:35:11.390874+03
21809	508	2	13201	2.99	2022-01-31 16:54:05.686313+03
21821	510	2	12406	2.99	2022-01-25 22:19:48.228634+03
21946	523	1	12288	2.99	2022-01-28 09:31:58.805747+03
22044	534	2	10725	6.99	2022-02-01 00:22:55.65883+03
22063	535	1	14522	4.99	2022-01-26 00:01:37.510648+03
22122	542	1	12819	0.99	2022-01-28 17:08:11.647254+03
22128	543	1	11681	2.99	2022-01-27 07:51:47.74531+03
22156	546	1	14797	4.99	2022-01-27 10:37:47.216849+03
22166	547	2	13307	2.99	2022-01-27 22:00:54.26734+03
22225	554	2	14015	2.99	2022-01-28 18:48:12.372147+03
22250	557	2	13794	2.99	2022-01-26 23:10:20.700702+03
22270	559	1	14342	4.99	2022-01-26 18:54:59.782589+03
22296	562	2	13225	2.99	2022-01-29 07:11:12.804962+03
22307	563	2	14592	4.99	2022-01-28 12:22:32.084265+03
22308	563	2	15507	0.99	2022-01-26 02:18:17.753901+03
22349	567	2	13031	2.99	2022-01-24 21:39:01.35281+03
22356	568	1	11331	2.99	2022-01-30 09:28:14.337144+03
22387	572	1	11114	0.99	2022-01-31 02:37:28.009601+03
22388	572	1	11121	4.99	2022-01-25 04:11:22.029254+03
22389	572	2	11415	2.99	2022-01-27 12:41:06.398997+03
22411	574	2	15214	2.99	2022-01-26 14:09:53.816189+03
22440	577	2	13500	3.99	2022-01-26 17:46:04.264382+03
22481	582	1	14376	4.99	2022-01-29 21:37:07.400251+03
22494	584	1	11213	4.99	2022-01-27 03:09:29.157333+03
22500	584	2	14102	5.99	2022-01-28 05:33:52.883802+03
22501	584	2	14230	5.99	2022-01-25 10:35:06.78563+03
22509	585	1	15804	4.99	2022-01-31 14:55:26.82629+03
22548	590	2	11578	5.99	2022-01-25 01:24:48.280857+03
22593	596	2	12560	4.99	2022-01-25 11:03:15.066383+03
22646	204	2	13899	2.99	2022-01-29 11:49:11.474924+03
22657	206	2	10930	3.99	2022-01-25 13:40:48.514132+03
22701	2	2	15907	4.99	2022-01-24 11:17:41.922082+03
22708	3	1	15619	2.99	2022-01-30 03:44:18.250996+03
22789	12	2	10392	10.99	2022-01-28 12:58:42.781711+03
22796	13	1	11292	4.99	2022-01-25 12:02:06.924325+03
22821	15	2	12551	2.99	2022-01-23 22:25:45.914197+03
22864	20	2	10284	4.99	2022-01-27 05:18:50.852803+03
22869	20	2	13036	4.99	2022-01-25 01:16:40.402865+03
22907	23	2	13331	4.99	2022-01-24 22:04:52.891148+03
22929	25	1	15972	5.99	2022-01-24 19:21:21.85371+03
23033	36	2	11616	4.99	2022-01-25 15:16:44.430246+03
23038	36	1	14647	9.99	2022-01-23 18:20:21.954692+03
23040	37	1	10538	2.99	2022-01-28 23:49:07.603897+03
23041	37	1	11176	3.99	2022-01-23 21:35:29.965529+03
23071	40	1	10442	2.99	2022-01-28 00:08:11.000453+03
23075	40	2	12877	2.99	2022-01-30 02:28:41.102945+03
23095	42	1	15442	2.99	2022-01-31 20:02:28.624422+03
23127	46	2	12280	4.99	2022-01-27 17:01:12.109088+03
23201	54	1	10956	4.99	2022-01-28 06:38:00.313108+03
23217	55	1	13345	6.99	2022-01-28 21:06:50.777355+03
23261	60	1	11404	8.99	2022-01-27 14:58:31.676761+03
23266	60	1	15618	5.99	2022-01-30 08:20:40.46252+03
23305	65	2	11845	2.99	2022-01-30 00:40:10.267891+03
23341	69	1	12121	2.99	2022-01-27 03:22:39.385789+03
23348	70	1	11274	9.99	2022-01-28 00:23:13.698157+03
23410	75	1	12662	0.99	2022-01-25 04:30:30.382801+03
23481	83	1	11565	5.99	2022-01-25 23:35:51.817002+03
23498	84	1	15190	4.99	2022-01-25 15:35:57.361807+03
23506	85	2	13733	0.99	2022-01-28 20:21:05.008536+03
23509	86	2	10584	6.99	2022-01-29 16:58:55.808128+03
23562	91	1	15341	4.99	2022-01-23 21:02:14.707836+03
23596	96	1	11984	3.99	2022-01-27 19:57:16.836217+03
23616	99	1	10455	1.99	2022-01-31 05:09:44.955718+03
23618	99	2	12379	0.99	2022-01-30 22:10:45.909572+03
23671	106	1	12159	7.99	2022-01-31 17:30:29.082452+03
23679	107	1	14562	4.99	2022-01-27 14:14:02.597066+03
23695	109	2	15677	2.99	2022-01-31 17:28:32.929983+03
23710	112	1	11019	2.99	2022-01-31 01:15:39.6354+03
23729	113	1	15600	1.99	2022-01-26 02:27:02.555671+03
23732	114	2	12326	0.99	2022-01-26 11:41:59.952593+03
23736	114	1	14867	4.99	2022-01-24 16:56:49.411778+03
23800	120	1	14246	4.99	2022-01-30 17:52:11.250595+03
23838	125	1	10583	2.99	2022-01-26 19:24:45.120882+03
23864	127	2	12820	2.99	2022-01-28 05:00:32.01573+03
23885	129	1	10483	2.99	2022-01-28 17:19:30.740137+03
23887	129	2	10816	4.99	2022-01-24 14:15:38.819069+03
23918	132	1	10400	6.99	2022-01-30 22:06:51.48459+03
23927	133	1	12834	4.99	2022-01-27 11:08:41.918572+03
23955	136	2	13992	4.99	2022-01-28 20:29:24.197732+03
23960	137	2	10842	5.99	2022-01-25 21:22:50.89799+03
24010	141	1	12032	5.99	2022-01-27 07:55:26.864795+03
24012	141	2	12107	3.99	2022-01-27 03:58:55.450603+03
24016	141	2	13470	4.99	2022-01-23 18:06:30.830136+03
24041	144	1	10951	4.99	2022-01-28 05:55:02.723978+03
24054	145	2	10799	4.99	2022-01-25 21:49:00.649389+03
24073	146	1	13606	4.99	2022-01-25 14:42:23.343897+03
24081	147	2	13542	4.99	2022-01-28 17:30:27.726116+03
24084	147	1	14156	0.99	2022-01-31 13:11:49.767015+03
24102	148	2	14629	2.99	2022-01-28 17:29:31.72761+03
24120	150	2	12260	6.99	2022-01-31 15:51:54.571076+03
24124	150	2	12890	0.99	2022-01-28 08:56:09.510327+03
24143	152	1	10320	6.99	2022-01-29 17:10:25.126451+03
24153	152	2	14668	4.99	2022-01-28 06:05:59.02215+03
24186	156	2	13802	2.99	2022-01-26 02:36:48.546263+03
24190	156	1	15408	6.99	2022-01-25 02:03:03.355436+03
24200	157	2	14974	4.99	2022-01-28 20:35:21.317431+03
24216	159	1	13933	0.99	2022-01-31 00:53:23.772263+03
24297	168	2	13811	0.99	2022-01-31 10:10:04.369035+03
24299	168	1	15033	3.99	2022-01-28 23:27:31.516771+03
24324	171	2	13433	0.99	2022-01-29 19:25:58.688187+03
24359	175	2	11618	4.99	2022-01-29 12:13:02.276271+03
24364	175	2	14507	4.99	2022-01-27 10:41:36.199742+03
24393	178	2	11927	3.99	2022-01-26 09:08:55.106273+03
24395	178	2	12727	2.99	2022-01-29 09:50:10.192036+03
24399	178	2	14314	2.99	2022-01-25 00:23:45.385805+03
24419	180	1	15039	4.99	2022-01-31 18:03:52.299314+03
24433	181	2	14406	3.99	2022-01-27 09:37:17.914591+03
24462	185	1	12674	5.99	2022-01-31 07:26:11.897056+03
24498	188	2	15409	0.99	2022-01-26 07:36:24.137141+03
24523	192	1	11815	4.99	2022-01-26 13:47:05.699484+03
24531	193	2	12384	0.99	2022-01-28 01:46:55.920853+03
24540	194	2	11475	5.99	2022-01-30 12:07:14.920528+03
24660	212	1	12156	7.99	2022-01-27 15:26:01.647163+03
24695	215	1	15843	0.99	2022-01-29 20:30:55.654105+03
24761	224	1	12492	4.99	2022-01-31 18:10:40.755291+03
24783	226	1	15901	4.99	2022-01-26 09:59:05.945875+03
24791	228	1	10585	4.99	2022-01-31 18:43:39.953608+03
24828	232	2	14857	0.99	2022-01-29 01:57:15.63161+03
24838	234	2	10968	7.99	2022-01-30 16:12:52.556913+03
24847	234	2	15037	5.99	2022-01-26 06:08:13.160842+03
24854	235	1	15034	6.99	2022-01-26 10:33:43.939246+03
24876	238	1	10659	5.99	2022-01-24 07:39:19.169455+03
24886	239	2	11900	4.99	2022-01-30 08:05:29.667122+03
24887	239	1	11968	0.99	2022-01-24 17:14:55.497545+03
24944	244	2	14657	0.99	2022-01-25 13:41:33.470639+03
24982	250	1	12361	0.99	2022-01-24 23:21:43.360628+03
25052	257	2	13203	7.99	2022-01-26 21:39:43.421717+03
25087	260	1	12852	0.99	2022-01-24 17:46:55.266984+03
25098	261	2	11928	2.99	2022-01-26 05:42:05.641469+03
25123	263	2	12919	6.99	2022-01-25 10:33:06.938495+03
25142	265	1	14547	6.99	2022-01-27 00:59:55.242108+03
25197	271	1	6024	2.99	2022-01-29 06:09:01.551039+03
25208	273	2	3556	2.99	2022-01-27 23:46:48.877024+03
25256	277	2	4987	5.99	2022-01-28 10:12:19.194959+03
25260	277	1	6487	5.99	2022-01-23 17:05:24.118128+03
25290	280	2	8695	6.99	2022-01-31 21:37:48.079292+03
25309	282	1	7433	2.99	2022-01-23 18:52:33.638966+03
25338	284	1	5161	6.99	2022-01-30 00:48:26.610611+03
25360	286	2	3692	3.99	2022-01-24 22:34:35.98977+03
25379	287	2	5761	0.99	2022-01-30 14:06:03.204173+03
25407	289	1	9498	2.99	2022-01-29 04:30:44.751122+03
25435	292	2	3557	0.99	2022-01-31 11:23:20.755902+03
25442	292	2	7199	5.99	2022-01-29 19:52:46.791136+03
25443	292	1	7216	2.99	2022-01-24 08:42:57.803308+03
25479	295	2	5283	2.99	2022-01-27 17:09:31.511677+03
25485	295	1	8840	9.99	2022-01-28 01:42:30.691411+03
25497	296	2	6016	4.99	2022-01-29 09:25:39.245405+03
25501	296	2	8171	0.99	2022-01-25 13:03:11.411556+03
25516	297	1	10153	0.99	2022-01-31 19:43:37.241549+03
25531	299	1	5642	2.99	2022-01-28 23:51:25.739994+03
25532	299	2	6732	0.99	2022-01-29 02:24:01.214577+03
25537	299	1	9520	2.99	2022-01-25 06:41:53.353692+03
25596	304	2	7551	4.99	2022-01-31 20:40:33.864763+03
25599	304	1	9992	6.99	2022-01-28 02:13:00.062875+03
25628	307	1	4868	4.99	2022-01-30 01:30:14.964658+03
25630	307	2	6125	6.99	2022-01-27 09:26:28.093236+03
25658	309	2	9945	2.99	2022-01-24 11:40:07.18626+03
25662	310	1	5621	5.99	2022-01-29 20:27:17.673294+03
25674	311	2	9882	8.99	2022-01-24 09:47:25.015384+03
25682	312	1	8137	4.99	2022-01-25 11:34:21.679506+03
25702	314	1	6763	3.99	2022-01-29 18:30:02.351065+03
25736	317	2	5942	7.99	2022-01-27 22:05:34.848418+03
25799	323	1	6840	3.99	2022-01-30 12:34:58.788465+03
25804	323	2	7937	4.99	2022-01-30 12:17:58.313443+03
25816	324	2	6299	4.99	2022-01-29 07:30:21.029342+03
25916	333	2	6958	0.99	2022-01-27 15:38:22.598005+03
25921	333	2	9338	10.99	2022-01-31 01:45:15.091036+03
25928	334	2	5818	5.99	2022-01-26 20:42:45.346694+03
25931	334	2	6749	4.99	2022-01-25 14:29:01.814551+03
25940	335	1	4387	8.99	2022-01-30 11:04:27.430391+03
25947	335	1	8855	2.99	2022-01-25 11:17:31.87356+03
25962	336	1	10055	0.99	2022-01-30 23:15:08.326738+03
25982	338	2	7584	3.99	2022-01-25 08:20:46.858165+03
26020	342	2	7280	2.99	2022-01-28 08:24:56.662097+03
26040	344	2	9788	4.99	2022-01-25 01:22:58.192644+03
26044	345	2	5508	3.99	2022-01-25 22:04:12.604176+03
26052	346	2	4420	4.99	2022-01-29 10:59:41.892268+03
26056	346	2	6136	4.99	2022-01-24 18:18:55.801554+03
26079	347	2	8771	2.99	2022-01-28 04:57:55.420139+03
26098	348	2	8682	4.99	2022-01-26 06:48:20.812648+03
26111	349	1	9731	0.99	2022-01-26 18:55:57.447561+03
26118	350	2	6408	3.99	2022-01-31 01:41:13.13905+03
26125	351	1	5912	3.99	2022-01-25 23:03:31.321244+03
26210	359	2	4830	7.99	2022-01-25 15:14:38.375093+03
26224	360	1	6442	0.99	2022-01-28 12:57:12.004845+03
26232	360	1	9283	4.99	2022-02-01 00:48:20.476302+03
26248	362	2	5563	1.99	2022-01-28 18:46:56.060869+03
26250	362	1	6204	4.99	2022-01-30 15:21:56.409712+03
26256	362	2	8325	2.99	2022-01-25 04:56:55.47752+03
26304	366	2	6971	4.99	2022-01-25 08:01:43.643594+03
26320	367	2	6835	5.99	2022-01-30 16:27:17.170544+03
26350	370	2	6714	0.99	2022-01-30 18:43:44.706293+03
26372	372	1	5501	6.99	2022-01-27 23:11:07.486863+03
26430	376	1	9828	2.99	2022-01-26 03:53:44.821575+03
26431	376	1	9872	0.99	2022-01-23 19:01:21.848837+03
26443	377	1	10183	8.99	2022-01-25 00:46:58.410717+03
26556	389	2	5626	3.99	2022-01-29 05:29:54.729865+03
26567	390	2	4191	3.99	2022-01-28 16:58:01.844216+03
26570	390	1	6215	4.99	2022-01-25 14:54:08.748083+03
26595	392	1	7981	1.99	2022-01-28 02:17:58.027775+03
26607	393	2	7486	0.99	2022-01-23 23:00:30.232556+03
26694	402	1	4399	2.99	2022-01-28 12:13:16.957269+03
26702	402	2	9779	0.99	2022-01-28 22:21:47.633639+03
26704	403	2	3737	3.99	2022-01-30 07:07:56.236776+03
26707	403	2	6322	2.99	2022-01-28 01:28:50.379873+03
26716	404	1	4495	2.99	2022-01-31 14:53:08.775986+03
26731	405	2	5040	7.99	2022-01-27 05:04:20.851515+03
26798	410	1	5150	3.99	2022-01-25 07:36:56.350013+03
26810	411	1	3928	2.99	2022-01-30 10:22:22.908627+03
26812	411	1	4246	2.99	2022-01-31 09:03:41.611383+03
26815	411	1	7102	1.99	2022-01-23 23:10:42.493436+03
26823	412	2	4074	0.99	2022-01-24 03:41:39.663527+03
26835	414	1	3957	10.99	2022-01-26 05:08:01.831015+03
26862	416	2	8349	5.99	2022-01-31 21:43:55.34611+03
26936	423	1	7849	9.99	2022-01-27 09:28:52.305866+03
26946	424	1	6589	2.99	2022-01-26 07:37:04.440889+03
26947	424	1	7594	2.99	2022-01-24 08:20:16.145622+03
26958	425	2	4362	5.99	2022-01-30 01:11:00.443853+03
26981	426	1	9185	5.99	2022-01-25 19:03:49.580539+03
26983	426	2	10172	10.99	2022-01-23 16:42:35.952907+03
26990	427	2	8182	3.99	2022-01-23 16:03:52.212496+03
26996	428	1	4151	0.99	2022-01-30 05:37:12.902907+03
26999	428	1	7823	6.99	2022-01-24 03:08:16.496342+03
27047	433	2	7907	4.99	2022-01-30 01:56:27.233052+03
27048	433	1	8414	5.99	2022-01-29 02:14:40.555887+03
27123	440	2	5594	0.99	2022-01-31 13:47:07.907932+03
27133	441	2	3695	2.99	2022-01-31 01:17:42.097234+03
27138	441	2	6636	2.99	2022-01-30 19:59:33.470404+03
27165	443	2	3510	5.99	2022-01-25 18:49:59.27862+03
27212	447	1	5331	4.99	2022-01-29 02:05:28.141592+03
27213	447	1	5734	0.99	2022-01-28 20:21:33.269492+03
27219	447	2	9076	5.99	2022-01-28 01:48:16.534811+03
27269	453	2	4805	2.99	2022-01-31 04:56:00.76875+03
27271	453	1	6752	4.99	2022-01-29 20:26:10.999102+03
27280	454	2	6260	4.99	2022-01-26 03:31:02.33936+03
27283	454	1	8806	0.99	2022-01-30 13:10:49.552168+03
27284	454	2	9041	0.99	2022-01-31 08:50:11.445827+03
27330	459	1	8289	9.99	2022-01-31 05:24:41.509815+03
27386	464	2	6601	3.99	2022-01-28 00:47:58.661909+03
27394	466	2	7080	2.99	2022-01-30 08:43:07.278335+03
27425	469	2	3522	4.99	2022-01-25 20:24:22.361519+03
27452	470	1	6927	10.99	2022-01-28 23:59:30.986557+03
27475	472	1	6584	2.99	2022-01-31 01:38:22.20182+03
27529	477	2	7302	2.99	2022-01-24 09:27:29.400687+03
27552	479	2	7893	2.99	2022-01-29 19:32:08.62287+03
27662	488	1	7373	5.99	2022-01-30 21:36:27.91762+03
27668	488	1	9537	0.99	2022-01-24 04:22:50.894972+03
27681	490	2	6230	2.99	2022-01-31 05:59:03.556039+03
27695	491	2	7688	7.99	2022-01-28 22:20:07.650179+03
27721	494	1	5180	2.99	2022-01-27 19:35:47.616874+03
27745	496	1	4261	4.99	2022-01-25 18:32:17.026956+03
27850	505	2	5976	9.99	2022-01-24 21:33:29.379055+03
27908	510	1	7457	2.99	2022-02-01 02:24:45.836239+03
27934	513	2	3872	0.99	2022-01-24 22:04:19.819173+03
27937	513	2	4220	4.99	2022-01-26 16:18:23.564235+03
27965	516	2	8534	5.99	2022-01-25 14:35:11.983461+03
27970	517	1	4369	4.99	2022-01-26 06:38:05.130141+03
27974	517	1	5206	7.99	2022-01-27 10:32:41.897197+03
28011	520	1	5853	3.99	2022-01-27 02:52:24.230587+03
28050	523	1	5287	6.99	2022-01-30 03:52:34.674126+03
28058	524	1	4366	5.99	2022-01-29 04:22:30.472374+03
28061	524	1	6240	6.99	2022-01-25 16:08:48.99914+03
28066	525	1	3993	6.99	2022-01-29 09:24:36.980876+03
28097	527	1	4888	0.99	2022-01-30 06:13:40.307321+03
28194	535	1	6504	2.99	2022-01-24 06:16:59.24768+03
28199	536	1	3483	4.99	2022-01-23 21:23:05.221128+03
28221	537	2	8256	4.99	2022-01-29 00:33:46.177664+03
28233	538	1	9307	0.99	2022-01-27 12:21:25.74713+03
28268	542	2	6325	5.99	2022-01-28 20:58:39.272738+03
28271	542	1	8533	4.99	2022-01-31 08:48:28.683377+03
28273	543	1	4887	2.99	2022-01-27 23:44:29.621241+03
28325	549	1	4447	0.99	2022-01-26 06:03:27.347228+03
28326	549	1	7252	7.99	2022-01-24 09:59:57.17721+03
28328	549	1	8316	4.99	2022-01-30 17:00:01.813556+03
28351	552	1	4477	6.99	2022-01-29 14:13:26.41943+03
28360	553	1	3495	6.99	2022-01-24 07:34:00.859577+03
28373	553	1	7890	4.99	2022-01-29 08:31:42.771472+03
28374	553	2	9272	4.99	2022-01-24 18:51:35.041671+03
28405	558	1	3990	3.99	2022-01-27 14:17:07.564415+03
28421	559	2	5396	1.99	2022-01-27 17:49:19.632235+03
28430	560	1	3941	4.99	2022-01-25 12:09:41.372617+03
28446	561	1	6621	0.99	2022-01-25 01:23:46.116566+03
28455	562	1	6607	8.99	2022-01-25 15:19:52.018782+03
28558	571	2	6676	8.99	2022-01-28 03:20:05.397552+03
28578	573	2	4023	4.99	2022-01-29 21:17:22.568869+03
28586	573	1	8400	4.99	2022-01-27 20:35:21.567336+03
28602	574	1	7964	2.99	2022-01-26 08:02:23.50401+03
28640	577	1	8060	6.99	2022-01-31 00:31:27.169285+03
28665	579	2	9553	5.99	2022-01-28 23:02:20.534904+03
28702	582	1	7575	2.99	2022-01-25 11:16:27.711445+03
28751	587	2	3969	0.99	2022-01-27 07:16:35.472463+03
28754	587	2	6665	6.99	2022-01-28 10:26:12.717351+03
28760	588	1	3628	4.99	2022-01-26 02:07:07.821745+03
28786	590	2	4722	4.99	2022-01-29 05:14:17.287248+03
28792	590	1	7010	4.99	2022-01-24 13:57:22.018437+03
28846	594	1	6473	6.99	2022-01-28 22:36:45.787613+03
28851	594	1	9545	7.99	2022-01-27 06:36:19.120588+03
28861	595	1	6704	6.99	2022-01-26 15:59:21.798931+03
28864	595	1	7396	4.99	2022-01-28 15:32:33.416069+03
28878	596	1	10094	3.99	2022-01-25 09:39:49.876371+03
28930	204	1	4043	0.99	2022-01-26 18:17:07.714208+03
28933	204	1	5619	2.99	2022-01-26 19:20:10.867847+03
28936	204	2	6631	0.99	2022-01-27 13:29:04.418494+03
28941	204	1	9394	5.99	2022-01-29 05:16:52.194898+03
28947	205	1	4729	4.99	2022-01-24 10:07:39.845484+03
28949	205	2	7976	7.99	2022-01-24 06:23:22.81501+03
28982	208	2	4985	4.99	2022-01-29 09:02:32.205185+03
28999	1	1	7841	4.99	2022-01-29 16:03:02.267403+03
29000	1	2	8033	4.99	2022-01-28 23:10:06.039818+03
29012	2	2	8705	5.99	2022-01-23 17:26:35.170413+03
29018	2	1	10136	2.99	2022-01-28 00:30:44.556404+03
29031	3	2	9816	4.99	2022-01-31 00:08:32.020998+03
29036	4	1	9371	5.99	2022-01-29 12:05:28.038014+03
29046	5	2	7293	0.99	2022-01-25 13:56:59.99137+03
29070	7	2	6761	3.99	2022-01-24 12:02:19.440986+03
29090	9	1	6165	5.99	2022-01-30 09:59:04.197277+03
29140	13	1	9736	7.99	2022-01-31 10:23:12.393893+03
29144	14	1	5104	0.99	2022-01-24 05:46:33.017033+03
29147	14	1	5565	7.99	2022-01-31 17:34:02.850311+03
29150	14	1	8548	3.99	2022-01-29 07:16:44.112776+03
29212	21	1	7994	0.99	2022-01-30 07:36:00.212832+03
29222	22	2	9410	0.99	2022-01-31 09:47:55.82618+03
29244	24	1	9723	0.99	2022-01-25 18:05:26.91934+03
29251	25	2	6905	2.99	2022-01-28 09:44:31.479166+03
29260	26	1	4382	4.99	2022-01-27 12:48:21.210917+03
29320	30	2	8038	4.99	2022-01-29 23:59:59.107009+03
29340	32	2	4771	2.99	2022-01-28 00:51:10.707437+03
29392	36	1	7647	0.99	2022-01-25 23:43:10.482476+03
29396	36	1	8952	4.99	2022-01-30 11:59:24.427562+03
29415	38	2	7163	5.99	2022-01-30 11:08:45.750412+03
29418	38	2	8924	3.99	2022-01-27 23:17:39.510897+03
29432	39	2	8723	7.99	2022-01-24 17:19:35.830792+03
29477	42	2	8852	3.99	2022-01-24 15:09:37.187795+03
29490	43	2	8376	4.99	2022-01-23 18:16:12.762605+03
29512	46	1	3916	4.99	2022-01-29 03:12:20.546341+03
29540	49	1	6214	4.99	2022-01-30 01:11:32.34633+03
29564	50	2	10046	2.99	2022-01-30 16:26:30.705567+03
29574	51	1	7636	5.99	2022-01-25 17:15:18.197513+03
29583	52	1	6394	7.99	2022-01-24 16:02:10.037545+03
29599	54	2	5055	1.99	2022-01-30 08:19:54.625322+03
29617	56	1	5142	4.99	2022-01-26 14:36:14.099979+03
29633	57	1	9211	1.99	2022-01-28 03:21:13.224313+03
29651	59	1	5207	3.99	2022-01-24 11:33:57.282899+03
29656	59	2	9573	6.99	2022-01-28 10:46:43.507237+03
29662	60	1	7494	0.99	2022-01-25 03:50:12.448119+03
29682	63	2	6847	8.99	2022-01-25 06:11:37.93689+03
29684	63	2	9007	0.99	2022-01-25 18:02:30.153969+03
29704	64	1	7476	1.99	2022-01-26 22:38:48.013297+03
29738	67	2	8563	1.99	2022-01-31 14:50:00.895079+03
29745	68	1	6512	4.99	2022-01-26 07:43:30.606687+03
29768	71	2	4614	4.99	2022-01-25 12:22:56.83847+03
29783	71	1	8783	3.99	2022-01-25 16:11:19.939041+03
29785	71	1	8956	0.99	2022-01-30 21:16:15.627063+03
29793	72	1	9027	2.99	2022-01-30 10:53:23.604139+03
29860	78	1	6344	4.99	2022-01-28 03:58:21.124621+03
29883	80	1	4688	5.99	2022-01-29 18:05:52.842763+03
29930	85	2	4451	0.99	2022-01-27 00:25:04.660241+03
29942	86	2	5295	0.99	2022-01-28 02:25:30.441031+03
29944	86	2	6872	7.99	2022-01-26 12:51:34.290531+03
29950	87	1	5084	7.99	2022-01-27 10:01:44.267356+03
29952	87	2	5700	4.99	2022-01-29 19:27:27.477479+03
29982	89	2	7995	4.99	2022-01-27 10:40:07.01838+03
29988	89	2	9767	0.99	2022-01-26 06:56:41.914422+03
29998	90	1	8024	2.99	2022-01-30 15:46:02.638175+03
30001	90	2	9337	2.99	2022-01-26 23:36:28.026499+03
30019	91	2	9228	2.99	2022-01-26 10:08:16.117808+03
30024	92	1	4360	2.99	2022-01-23 23:28:02.191688+03
30031	92	2	6277	6.99	2022-01-25 10:20:29.961862+03
30036	92	1	9240	4.99	2022-01-23 20:55:40.58914+03
30050	95	1	3633	1.99	2022-01-27 16:49:07.449243+03
30083	98	2	3682	7.99	2022-01-31 07:23:42.581618+03
30116	100	1	7921	1.99	2022-01-28 23:44:56.064539+03
30117	100	2	8203	0.99	2022-01-25 12:08:28.548727+03
30131	101	2	9965	6.99	2022-01-30 23:28:10.03152+03
30142	102	1	5716	2.99	2022-01-30 00:50:46.473646+03
30191	106	1	4665	3.99	2022-01-29 15:17:09.120158+03
30193	106	2	6992	0.99	2022-01-24 08:51:00.946+03
30209	107	1	7600	7.99	2022-01-24 10:14:50.413138+03
30215	108	2	4082	2.99	2022-01-23 17:44:27.976362+03
30254	112	2	7691	4.99	2022-01-26 19:28:46.09246+03
30297	115	1	6798	6.99	2022-01-28 05:18:20.570168+03
30300	115	1	7983	4.99	2022-01-31 05:35:42.767788+03
30306	116	1	4027	0.99	2022-01-29 00:48:42.008602+03
30359	121	2	8788	1.99	2022-01-25 09:03:00.549549+03
30371	122	1	7267	2.99	2022-01-25 02:31:25.435501+03
30382	123	1	7852	2.99	2022-01-27 02:38:48.216483+03
30416	126	2	5137	0.99	2022-01-30 18:22:39.446749+03
30457	129	1	8339	4.99	2022-01-25 06:23:42.507078+03
30478	131	2	8071	0.99	2022-01-26 17:26:42.403478+03
30498	133	2	4566	2.99	2022-01-27 19:52:01.4306+03
30514	134	2	7965	4.99	2022-01-29 17:02:57.715494+03
30540	137	2	4474	3.99	2022-01-29 15:51:12.386854+03
30548	137	2	8954	2.99	2022-01-29 21:53:45.697523+03
30656	146	2	6184	6.99	2022-01-31 03:56:42.828438+03
30670	147	1	7723	0.99	2022-01-27 10:54:37.562899+03
30675	148	1	4746	2.99	2022-01-31 04:51:47.552311+03
30703	149	2	7559	4.99	2022-01-26 22:16:50.955575+03
30713	151	2	6854	0.99	2022-01-24 10:15:46.510481+03
30729	153	2	4670	5.99	2022-01-24 08:34:13.820646+03
30745	154	1	7055	4.99	2022-01-31 03:53:25.777875+03
30779	157	2	8347	0.99	2022-01-28 07:36:49.204818+03
30814	160	2	7500	0.99	2022-01-27 14:22:37.13138+03
30883	167	2	4493	0.99	2022-01-31 16:16:10.685652+03
30891	167	1	8092	2.99	2022-01-26 19:56:48.084819+03
30926	170	2	4113	4.99	2022-01-26 08:27:48.823361+03
30959	173	2	3717	0.99	2022-01-31 06:28:54.142026+03
30975	174	1	6909	4.99	2022-01-24 09:02:01.986259+03
30978	174	1	9301	4.99	2022-01-26 20:48:49.819264+03
30986	175	1	8244	2.99	2022-01-28 06:23:43.082852+03
30989	175	1	8817	4.99	2022-01-25 20:09:00.48208+03
31023	178	2	8696	4.99	2022-01-29 09:25:24.509162+03
31038	179	1	8731	8.99	2022-01-29 10:29:47.01576+03
31050	180	1	9373	0.99	2022-01-23 23:42:06.804108+03
31054	181	2	6477	4.99	2022-01-25 18:54:34.008907+03
31084	183	2	9672	5.99	2022-01-28 11:06:57.032465+03
31096	185	1	4186	9.99	2022-01-26 18:34:34.583175+03
31112	186	2	8872	0.99	2022-01-30 03:06:28.979451+03
31113	186	2	9303	2.99	2022-01-23 19:24:47.867625+03
31118	187	2	5366	0.99	2022-02-01 01:34:05.023035+03
31163	192	1	5400	2.99	2022-01-23 22:51:36.691653+03
31229	198	1	10112	4.99	2022-01-28 15:20:57.002052+03
31285	210	1	4989	3.99	2022-01-27 06:02:23.024961+03
31302	211	2	6438	0.99	2022-01-24 05:15:17.996237+03
31318	213	2	4236	4.99	2022-01-25 17:15:21.520576+03
31327	213	2	9340	2.99	2022-01-31 07:45:54.522033+03
31350	217	2	5576	2.99	2022-01-26 03:39:08.244197+03
31356	217	2	9317	2.99	2022-01-31 08:29:29.609793+03
31364	218	2	9018	6.99	2022-01-29 02:40:35.669584+03
31378	219	1	8430	0.99	2022-01-27 06:57:08.124071+03
31383	220	2	5613	2.99	2022-01-30 20:00:37.428803+03
31407	222	1	5266	3.99	2022-01-28 01:54:16.915021+03
31412	222	2	7786	0.99	2022-01-24 11:15:24.445317+03
31430	224	2	8439	2.99	2022-01-29 09:22:44.760295+03
31466	227	1	8234	0.99	2022-01-24 10:15:44.716986+03
31478	228	1	5151	2.99	2022-01-27 16:58:38.564583+03
31524	231	2	9711	2.99	2022-01-29 09:04:43.565359+03
31533	232	2	8401	4.99	2022-01-29 19:52:07.140924+03
31577	236	2	6049	0.99	2022-01-24 02:15:27.252054+03
31613	238	2	9841	7.99	2022-01-27 02:28:13.936936+03
31624	239	2	9676	0.99	2022-01-29 06:23:16.176299+03
31625	239	1	9863	5.99	2022-01-24 01:33:44.464232+03
31627	240	2	5262	4.99	2022-01-27 11:57:21.238751+03
31687	244	2	10047	4.99	2022-01-30 06:52:08.298955+03
31737	250	1	5998	2.99	2022-01-27 04:29:31.41487+03
31801	257	2	6711	5.99	2022-01-28 21:58:53.871022+03
31806	257	2	7518	5.99	2022-01-31 01:30:04.14227+03
31815	258	1	4677	5.99	2022-01-27 17:05:46.283849+03
31819	258	1	5935	9.99	2022-01-28 22:33:02.781871+03
31848	261	1	5449	5.99	2022-01-24 00:26:25.924728+03
31886	264	2	9380	2.99	2022-01-28 23:44:43.165864+03
31944	359	2	15655	4.99	2022-01-31 07:14:09.263637+03
31970	457	2	14516	0.00	2022-01-29 16:06:00.876354+03
32031	56	2	15714	4.99	2022-01-25 17:31:16.897287+03
32054	115	2	13056	2.99	2022-01-29 11:02:52.398185+03
32063	163	1	15282	0.00	2022-01-26 08:30:29.975983+03
32070	186	1	14216	2.99	2022-01-28 19:22:37.392344+03
32081	213	2	14374	2.99	2022-02-01 00:30:58.831416+03
32088	228	2	12672	3.98	2022-01-28 12:40:40.098977+03
